origin_date,target_month,anchor_N0,y_true,actual_change,shock_threshold,is_shock,shock_case,M0,M1_star,M2_star,M1_X,M2_E,M2_XE,M2_Gate,gate_g,PEP,NEP,dPEP,dNEP,impulse_up,impulse_down,freshness,rw_up,rw_down,shock_A_TRADE_POLICY,shock_B_GEO_SUPPLY,shock_C_DEMAND_MACRO,event_signal,event_signal_threshold
2021-11-30,2021-12,690.1,739.064,48.964,62.86,0,D,674.355618,718.584976,718.584976,698.249231,705.701384,702.37725,714.325419,0.26281,0.477356,0.346047,-0.007529,-0.006731,0.0,0.0,0.047619,0.0,0.0,-0.002662,2.2e-05,0.0,0.477356,0.844682
2021-12-31,2022-01,765.016,689.363,-75.653,66.6,1,B,728.354782,770.640136,770.640136,777.211808,781.959983,781.694095,773.550081,0.263249,0.470724,0.340052,-0.006632,-0.005995,0.0,0.0,0.045455,0.0,0.0,-0.002239,1.9e-05,0.0,0.470724,0.841457
2022-01-31,2022-02,737.872,687.35,-50.522,63.3872,0,D,689.455256,735.016259,735.016259,751.652997,755.22958,756.199824,740.500323,0.258883,0.464881,0.334713,-0.005843,-0.005339,0.0,0.0,0.043478,0.0,0.0,-0.001881,1.7e-05,0.0,0.464881,0.838232
2022-02-28,2022-03,659.741,858.642,198.901,64.4,1,A,622.067627,618.966997,618.966997,667.267955,659.187786,655.331393,621.745587,0.07641,0.939971,0.538416,0.47509,0.203703,0.888889,0.311111,1.0,0.888889,0.311111,-0.001583,0.608942,0.0,0.939971,0.835007
2022-03-31,2022-04,661.402,859.242,197.84,68.8,1,A,622.707583,598.190943,598.190943,663.342235,659.798246,651.603736,601.445789,0.060938,0.996568,0.652471,0.056597,0.114055,0.888889,0.355556,1.0,0.888889,0.355556,0.223044,0.121838,0.0,0.996568,0.831782
2022-04-30,2022-05,844.532,756.577,-87.955,73.84,1,A,764.240884,693.052795,693.052795,852.5306,848.480956,844.670509,709.537972,0.108729,0.99144,0.634568,-0.005128,-0.017903,0.8,0.355556,1.0,0.8,0.355556,-0.0,-0.006925,0.0,0.99144,0.844682
2022-05-31,2022-06,831.034,679.742,-151.292,75.9376,1,A,772.066309,772.066309,772.066309,845.397873,849.393665,848.940575,787.033089,0.194692,0.977606,0.592537,-0.013834,-0.042031,0.0,0.0,0.5,0.0,0.0,-0.039271,-0.019608,0.0,0.977606,0.856831
2022-06-30,2022-07,756.48,593.864,-162.616,71.32,1,A,798.100492,798.100492,798.100492,766.400272,772.699594,768.771447,792.341246,0.196367,0.957998,0.555306,-0.019608,-0.037231,0.0,0.0,0.333333,0.0,0.0,-0.033024,-0.027297,0.0,0.957998,0.863584
2022-07-31,2022-08,680.206,546.383,-133.823,75.64,1,A,729.095474,729.095474,729.095474,643.384984,685.74957,624.625672,708.165559,0.200344,0.935231,0.524797,-0.022767,-0.030509,0.0,0.0,0.25,0.0,0.0,-0.02475,-0.031477,0.0,0.935231,0.865759
2022-08-31,2022-09,594.231,527.719,-66.512,77.8,0,C,598.249726,613.925238,653.926224,533.467297,597.612763,524.496215,595.667225,0.204162,0.911365,0.500279,-0.023866,-0.024518,0.0,0.0,0.2,0.0,0.0,-0.018026,-0.033238,0.0,0.911365,0.86963
2022-09-30,2022-10,562.991,510.006,-52.985,80.4616,0,C,529.600911,548.145306,606.60423,490.044077,563.589413,405.442454,517.288721,0.21623,0.886142,0.478364,-0.025223,-0.021915,0.0,0.0,0.166667,0.0,0.0,-0.016058,-0.033358,0.0,0.886142,0.884447
2022-10-31,2022-11,528.942,493.08,-35.862,79.7962,0,D,462.403511,492.302668,492.302668,475.377622,528.001621,468.627764,487.302723,0.211192,0.860421,0.458837,-0.025721,-0.019527,0.0,0.0,0.142857,0.0,0.0,-0.014307,-0.032405,0.0,0.860421,0.888594
2022-11-30,2022-12,503.35,517.66,14.31,79.1308,0,D,441.458259,457.274056,457.274056,501.15824,502.010799,494.828512,465.032605,0.206595,0.834885,0.441479,-0.025536,-0.017358,0.0,0.0,0.125,0.0,0.0,-0.012746,-0.030783,0.0,0.834885,0.888446
2022-12-31,2023-01,494.258,570.52,76.262,78.4654,0,D,449.842502,486.228785,486.228785,496.367,493.035782,490.438499,487.080711,0.202371,0.810052,0.426081,-0.024833,-0.015398,0.0,0.0,0.111111,0.0,0.0,-0.011355,-0.02877,0.0,0.810052,0.888299
2023-01-31,2023-02,534.202,606.166,71.964,77.8,0,D,500.343669,519.539134,519.539134,536.886737,534.334846,532.279638,522.067685,0.198466,0.786291,0.412442,-0.023761,-0.013639,0.0,0.0,0.1,0.0,0.0,-0.010115,-0.026571,0.0,0.786291,0.888151
2023-02-28,2023-03,591.546,664.4,72.854,80.4616,0,D,545.442805,541.064635,541.064635,592.337611,594.323352,589.679765,551.204461,0.208573,0.763851,0.400378,-0.02244,-0.012064,0.0,0.0,0.090909,0.0,0.0,-0.009014,-0.024312,0.0,0.763851,0.887749
2023-03-31,2023-04,626.106,651.118,25.012,84.4108,0,D,580.086767,580.086767,580.086767,628.778513,631.269522,627.260344,589.782957,0.205543,0.742878,0.389716,-0.020973,-0.010662,0.0,0.0,0.083333,0.0,0.0,-0.008029,-0.022091,0.0,0.742878,0.887347
2023-04-30,2023-05,671.838,617.717,-54.121,83.3162,0,D,615.566168,615.566168,692.510276,676.820544,678.777055,675.907939,627.741619,0.201775,0.723446,0.380301,-0.019432,-0.009415,0.0,0.0,0.076923,0.0,0.0,-0.007153,-0.019961,0.0,0.723446,0.886946
2023-05-31,2023-06,651.089,557.441,-93.648,82.2216,1,B,586.591776,574.873918,574.873918,658.711446,654.174682,659.294648,592.198996,0.205223,0.705567,0.657338,-0.017879,0.277037,0.0,0.524444,1.0,0.0,0.524444,-0.006373,-0.017958,-0.396011,0.705567,0.886544
2023-06-30,2023-07,602.014,539.555,-62.459,81.127,0,D,566.256213,566.256213,566.256213,607.32921,590.9513,464.678397,546.80357,0.191505,0.643792,0.271806,-0.061775,-0.385532,0.0,0.0,0.066667,0.0,0.0,-0.005677,-0.016098,0.396011,0.643792,0.886142
2023-07-31,2023-08,539.463,543.896,4.433,85.5054,0,D,513.971312,513.971312,513.971312,516.962473,545.537231,525.994768,516.320602,0.195392,0.627081,0.265086,-0.016711,-0.00672,0.0,0.0,0.0625,0.0,0.0,-0.005059,-0.014391,0.0,0.627081,0.88284
2023-08-31,2023-09,519.409,547.501,28.092,87.26,0,D,507.706353,515.616772,515.616772,482.235462,525.522915,492.497086,511.035986,0.198134,0.611953,0.259176,-0.015128,-0.00591,0.0,0.0,0.058824,0.0,0.0,-0.004506,-0.012837,0.0,0.611953,0.879537
2023-09-30,2023-10,556.201,534.762,-21.439,83.3162,0,D,539.564481,533.389947,533.389947,552.987358,563.638717,557.365159,537.919692,0.188935,0.598302,0.253978,-0.013651,-0.005198,0.0,0.0,0.055556,0.0,0.0,-0.004015,-0.011432,0.0,0.598302,0.876235
2023-10-31,2023-11,548.783,554.973,6.19,82.2216,0,D,537.173774,536.957334,536.957334,548.842156,556.659973,553.577397,540.049313,0.186039,0.588387,0.250975,-0.009915,-0.003003,0.0,0.0,0.052632,0.0,0.0,-0.001668,-0.010164,0.0,0.588387,0.872932
2023-11-30,2023-12,528.592,608.785,80.193,81.127,0,D,526.468223,533.170011,533.170011,532.634686,536.624972,537.512578,533.965954,0.183289,0.58169,0.249976,-0.006697,-0.000999,0.0,0.0,0.05,0.0,0.0,-4.2e-05,-0.009029,0.0,0.58169,0.86963
2023-12-31,2024-01,562.716,620.161,57.445,80.534,0,C,576.212996,574.518101,574.518101,568.266212,598.696616,599.227789,580.068881,0.22464,0.896302,0.249136,0.314612,-0.00084,0.755556,0.0,1.0,0.755556,0.0,-3.4e-05,0.479408,0.0,0.896302,0.868662
2024-01-31,2024-02,618.225,603.853,-14.372,82.5286,0,C,612.772461,603.949976,603.949976,624.715713,607.439018,607.75821,604.794843,0.221853,0.904699,0.248429,0.008397,-0.000707,0.533333,0.0,1.0,0.533333,0.0,-2.9e-05,0.013563,0.0,0.904699,0.867694
2024-02-29,2024-03,614.603,556.234,-58.369,81.8526,0,D,595.831805,605.814576,568.457882,619.282093,586.828417,572.600022,599.043012,0.203873,0.858105,0.247835,-0.046594,-0.000594,0.0,0.0,0.5,0.0,0.0,-2.5e-05,-0.070181,0.0,0.858105,0.876235
2024-03-31,2024-04,586.525,543.767,-42.758,78.755,0,C,578.639314,585.041964,561.997025,590.340537,608.364294,596.43815,587.630452,0.227136,0.941783,0.485928,0.083678,0.238093,0.805556,0.281944,1.0,0.805556,0.281944,-2.1e-05,-0.138809,0.0,0.941783,0.886544
2024-04-30,2024-05,544.29,541.476,-2.814,78.162,0,C,528.572129,540.668167,540.668167,548.728928,559.760223,561.768074,545.587324,0.233136,0.974931,0.61149,0.033148,0.125562,0.8,0.355556,1.0,0.8,0.355556,0.231297,-0.024597,0.0,0.974931,0.886142
2024-05-31,2024-06,547.78,521.206,-26.574,78.0896,0,C,538.824073,526.91039,526.91039,552.486432,507.774438,478.980326,515.797978,0.231846,0.946971,0.646513,-0.02796,0.035023,0.622222,0.444444,1.0,0.622222,0.444444,-0.171031,-0.02721,0.0,0.946971,0.887749
2024-06-30,2024-07,535.947,522.499,-13.448,78.0172,0,C,518.671079,522.971735,522.971735,543.25934,515.911403,513.570377,520.922843,0.217936,0.913635,0.592854,-0.033336,-0.053659,0.0,0.0,0.5,0.0,0.0,-0.014839,-0.028041,0.0,0.913635,0.888594
2024-07-31,2024-08,517.279,520.709,3.43,77.9448,0,D,512.310783,512.310783,512.310783,499.301417,488.776515,468.67369,503.119307,0.210634,0.860977,0.507264,-0.052658,-0.08559,0.0,0.0,0.333333,0.0,0.0,-0.012478,-0.013643,0.0,0.860977,0.888889
2024-08-31,2024-09,534.435,516.389,-18.046,77.8724,0,D,538.72654,538.72654,538.72654,513.149499,524.619843,503.113902,531.41715,0.205247,0.819544,0.4649,-0.041433,-0.042364,0.0,0.0,0.25,0.0,0.0,-0.010491,-0.035891,0.0,0.819544,0.888889
2024-09-30,2024-10,533.358,526.359,-6.999,77.8,0,D,532.140251,532.140251,532.140251,511.131984,511.856385,507.33751,526.932734,0.209957,0.854231,0.566797,0.034687,0.101897,0.622222,0.444444,1.0,0.622222,0.444444,-0.02464,-0.031946,0.0,0.854231,0.888889
2024-10-31,2024-11,517.062,527.912,10.85,77.728,0,D,522.088098,522.088098,522.088098,523.337128,503.051089,502.166495,517.920576,0.209196,0.81735,0.527128,-0.036881,-0.039669,0.0,0.0,0.5,0.0,0.0,-0.006961,-0.027976,0.0,0.81735,0.888889
2024-11-30,2024-12,536.479,514.749,-21.73,77.656,0,D,548.508115,548.508115,548.508115,542.617406,530.103506,532.01174,545.099414,0.206633,0.78177,0.49131,-0.03558,-0.035818,0.0,0.0,0.333333,0.0,0.0,-0.006202,-0.024213,0.0,0.78177,0.888889
2024-12-31,2025-01,530.05,530.866,0.816,77.584,0,D,534.44754,534.44754,534.44754,537.383133,528.038433,540.456326,535.668782,0.203243,0.714453,0.459097,-0.067317,-0.032213,0.0,0.0,0.25,0.0,0.0,-0.005526,-0.097745,0.0,0.714453,0.888889
2025-01-31,2025-02,516.258,574.367,58.109,77.512,0,D,512.914715,512.914715,512.914715,523.018881,519.82515,537.074065,517.757762,0.200463,0.682182,0.430217,-0.032271,-0.02888,0.0,0.0,0.2,0.0,0.0,-0.004922,-0.014414,0.0,0.682182,0.888889
2025-02-28,2025-03,543.349,607.858,64.509,77.44,0,C,540.77328,540.77328,540.77328,547.283662,538.378776,553.733371,543.424351,0.204557,1.0,0.548601,0.317818,0.118384,1.0,0.453333,1.0,1.0,0.453333,0.325497,-0.012263,0.0,1.0,0.888889
2025-03-31,2025-04,601.79,567.259,-34.531,77.728,0,C,579.039669,579.039669,579.039669,595.878652,577.516616,569.396243,577.024167,0.209003,0.926544,0.477268,-0.073456,-0.071333,0.0,0.0,0.5,0.0,0.0,-0.021981,-0.006238,0.0,0.926544,0.888741
2025-04-30,2025-05,603.832,538.243,-65.589,76.504,0,D,570.527734,570.527734,570.527734,596.220105,588.911909,583.354884,573.117653,0.201909,0.864541,0.613278,-0.062003,0.13601,0.711111,0.533333,1.0,0.711111,0.533333,-0.249255,-0.001158,0.0,0.864541,0.888889
2025-05-31,2025-06,560.08,530.948,-29.132,77.1586,0,C,545.691002,545.691002,545.691002,553.396095,548.557541,558.944547,548.351933,0.200771,1.0,0.556997,0.135459,-0.056281,1.0,0.35,1.0,1.0,0.35,0.259336,-0.001026,0.0,1.0,0.888889
2025-06-30,2025-07,511.875,530.174,18.299,77.512,0,C,515.030222,526.990733,526.990733,505.106797,535.43641,539.819739,529.744591,0.214659,1.0,0.509665,0.0,-0.047332,1.0,0.35,1.0,1.0,0.35,0.056068,0.379968,0.0,1.0,0.888889
2025-07-31,2025-08,513.018,530.965,17.947,77.44,0,C,509.989584,538.403497,538.403497,487.564832,481.640799,455.462201,521.842125,0.199676,0.958908,0.469861,-0.041092,-0.039804,0.0,0.0,0.5,0.0,0.0,-0.057506,-0.068359,0.0,0.958908,0.888889
2025-08-31,2025-09,529.915,527.241,-2.674,76.6136,0,C,524.789715,524.789715,524.789715,505.562838,509.632325,504.002546,520.460721,0.208253,0.913247,0.436387,-0.045661,-0.033474,0.0,0.0,0.333333,0.0,0.0,-0.048358,-0.057618,0.0,0.913247,0.888889
2025-09-30,2025-10,532.482,517.244,-15.238,76.2352,0,D,528.563696,528.563696,528.563696,529.48944,519.706442,522.779723,527.377057,0.20516,0.866969,0.408237,-0.046278,-0.02815,0.0,0.0,0.25,0.0,0.0,-0.040663,-0.048558,0.0,0.866969,0.893337
2025-10-31,2025-11,532.482,519.92,-12.562,91.48,0,D,528.431714,510.005775,510.005775,528.381538,520.007808,521.79883,512.460417,0.208143,0.822461,0.384564,-0.044508,-0.023673,0.0,0.0,0.2,0.0,0.0,-0.034194,-0.040918,0.0,0.822461,0.894819
2025-11-30,2025-12,530.07,532.289,2.219,91.16,0,D,527.95524,536.606611,536.606611,531.314626,531.021456,526.844991,534.600812,0.205478,0.781064,0.364657,-0.041397,-0.019907,0.0,0.0,0.166667,0.0,0.0,-0.028753,-0.034475,0.0,0.781064,0.90134
2025-12-31,2026-01,530.07,573.649,43.579,104.9528,0,D,517.597329,528.448891,528.448891,532.982247,521.345328,527.069452,528.151391,0.215668,0.743436,0.347917,-0.037628,-0.01674,0.0,0.0,0.142857,0.0,0.0,-0.024179,-0.029046,0.0,0.743436,0.90302
