target_id,history_mode,model,n_months,mae_W0,mae_W4,w0_to_w4_mae_change,event_incremental_skill_pct,mean_abs_revision_w0_w4,months_revised,beneficial_revision_rate,harmful_revision_rate,weekly_rescue_rate,false_weekly_override_rate,first_correct_direction_stage_mean,months_never_correct_direction
COPPER_SCRAP,MATCHED,M0,50,44.784139,33.074533,-11.709606,,31.117971,47,0.6383,0.3617,0.6,0.2,1.079,12
COPPER_SCRAP,MATCHED,M1,50,35.09513,24.816974,-10.278156,,29.056714,47,0.5957,0.4043,0.65,0.2333,0.674,7
COPPER_SCRAP,MATCHED,M2,50,38.465801,28.583424,-9.882377,,29.086081,47,0.6596,0.3404,0.619,0.2069,0.714,8
COPPER_SCRAP,MATCHED,EVENT_INCREMENT_W0,50,35.09513,38.465801,3.370671,-9.6044,9.531669,50,0.54,0.46,,,,
COPPER_SCRAP,MATCHED,EVENT_INCREMENT_W1,50,35.09513,38.465801,3.370671,-9.6044,9.531669,50,0.54,0.46,,,,
COPPER_SCRAP,MATCHED,EVENT_INCREMENT_W2,50,27.720547,29.597376,1.876829,-6.7705,6.747349,50,0.52,0.48,,,,
COPPER_SCRAP,MATCHED,EVENT_INCREMENT_W3,50,25.497438,27.266344,1.768906,-6.9376,5.949371,50,0.5,0.5,,,,
COPPER_SCRAP,MATCHED,EVENT_INCREMENT_W4,50,24.816974,28.583424,3.76645,-15.1769,7.878773,50,0.48,0.52,,,,
COPPER_SCRAP,MAXIMUM,M0,50,44.768561,33.021716,-11.746845,,31.036767,47,0.6383,0.3617,0.6,0.2,1.079,12
COPPER_SCRAP,MAXIMUM,M1,50,34.385172,24.742237,-9.642935,,28.623119,47,0.5745,0.4255,0.65,0.2333,0.674,7
COPPER_SCRAP,MAXIMUM,M2,50,38.580846,27.651948,-10.928898,,28.16492,47,0.6809,0.3191,0.619,0.1724,0.714,8
COPPER_SCRAP,MAXIMUM,EVENT_INCREMENT_W0,50,34.385172,38.580846,4.195674,-12.202,11.409695,50,0.54,0.46,,,,
COPPER_SCRAP,MAXIMUM,EVENT_INCREMENT_W1,50,34.385172,38.580846,4.195674,-12.202,11.409695,50,0.54,0.46,,,,
COPPER_SCRAP,MAXIMUM,EVENT_INCREMENT_W2,50,26.930198,29.562626,2.632428,-9.775,8.525704,50,0.58,0.42,,,,
COPPER_SCRAP,MAXIMUM,EVENT_INCREMENT_W3,50,24.706319,27.072551,2.366231,-9.5774,7.829636,50,0.58,0.42,,,,
COPPER_SCRAP,MAXIMUM,EVENT_INCREMENT_W4,50,24.742237,27.651948,2.909711,-11.7601,8.373116,50,0.58,0.42,,,,
CRUDE_OIL,MATCHED,M0,50,24.701686,18.150107,-6.55158,,21.989522,47,0.6809,0.3191,0.6522,0.1481,0.786,8
CRUDE_OIL,MATCHED,M1,50,26.660022,19.720402,-6.93962,,22.771614,47,0.7021,0.2979,0.625,0.1923,0.829,9
CRUDE_OIL,MATCHED,M2,50,26.035763,19.55888,-6.476883,,21.95752,49,0.6531,0.3469,0.625,0.1923,0.829,9
CRUDE_OIL,MATCHED,EVENT_INCREMENT_W0,50,26.660022,26.035763,-0.624259,2.3416,1.516516,50,0.46,0.54,,,,
CRUDE_OIL,MATCHED,EVENT_INCREMENT_W1,50,26.660022,26.043467,-0.616555,2.3127,1.506391,50,0.46,0.54,,,,
CRUDE_OIL,MATCHED,EVENT_INCREMENT_W2,50,23.053928,22.427613,-0.626315,2.7167,1.338991,50,0.48,0.52,,,,
CRUDE_OIL,MATCHED,EVENT_INCREMENT_W3,50,19.997976,19.811915,-0.186061,0.9304,1.587688,50,0.52,0.48,,,,
CRUDE_OIL,MATCHED,EVENT_INCREMENT_W4,50,19.720402,19.55888,-0.161522,0.8191,1.588837,50,0.48,0.52,,,,
CRUDE_OIL,MAXIMUM,M0,50,22.308616,18.24442,-4.064195,,15.879751,47,0.5957,0.4043,0.56,0.08,0.744,11
CRUDE_OIL,MAXIMUM,M1,50,21.593477,18.190506,-3.402971,,16.443083,47,0.5745,0.4255,0.5417,0.1154,0.692,11
CRUDE_OIL,MAXIMUM,M2,50,22.072834,18.286185,-3.786649,,15.508825,49,0.551,0.449,0.52,0.08,0.711,12
CRUDE_OIL,MAXIMUM,EVENT_INCREMENT_W0,50,21.593477,22.072834,0.479357,-2.2199,2.419051,50,0.44,0.56,,,,
CRUDE_OIL,MAXIMUM,EVENT_INCREMENT_W1,50,21.593477,22.079445,0.485967,-2.2505,2.426872,50,0.44,0.56,,,,
CRUDE_OIL,MAXIMUM,EVENT_INCREMENT_W2,50,19.767416,19.78453,0.017115,-0.0866,1.065776,50,0.46,0.54,,,,
CRUDE_OIL,MAXIMUM,EVENT_INCREMENT_W3,50,18.242063,18.273597,0.031533,-0.1729,0.877907,50,0.44,0.56,,,,
CRUDE_OIL,MAXIMUM,EVENT_INCREMENT_W4,50,18.190506,18.286185,0.095679,-0.526,0.950923,50,0.44,0.56,,,,
IRON_ORE,MATCHED,M0,50,5.243222,3.577558,-1.665664,,3.566343,47,0.7021,0.2979,0.4091,0.0357,0.541,13
IRON_ORE,MATCHED,M1,50,5.060178,3.323582,-1.736596,,3.134683,47,0.7447,0.2553,0.4286,0.069,0.526,12
IRON_ORE,MATCHED,M2,50,4.99161,3.324539,-1.667071,,3.060539,47,0.7234,0.2766,0.4286,0.069,0.526,12
IRON_ORE,MATCHED,EVENT_INCREMENT_W0,50,5.060178,4.99161,-0.068568,1.3551,0.456766,50,0.48,0.52,,,,
IRON_ORE,MATCHED,EVENT_INCREMENT_W1,50,5.060178,4.99161,-0.068568,1.3551,0.456766,50,0.48,0.52,,,,
IRON_ORE,MATCHED,EVENT_INCREMENT_W2,50,3.59521,3.536985,-0.058226,1.6195,0.350295,50,0.56,0.44,,,,
IRON_ORE,MATCHED,EVENT_INCREMENT_W3,50,3.35405,3.360935,0.006885,-0.2053,0.259163,50,0.56,0.44,,,,
IRON_ORE,MATCHED,EVENT_INCREMENT_W4,50,3.323582,3.324539,0.000957,-0.0288,0.253235,50,0.56,0.44,,,,
IRON_ORE,MAXIMUM,M0,50,4.58127,3.592253,-0.989017,,3.0867,47,0.5532,0.4468,0.5789,0.1613,0.548,8
IRON_ORE,MAXIMUM,M1,50,5.459389,3.496734,-1.962655,,3.554189,47,0.6809,0.3191,0.6154,0.1667,0.85,10
IRON_ORE,MAXIMUM,M2,50,5.463641,3.588137,-1.875504,,3.418363,47,0.7021,0.2979,0.6,0.16,0.8,10
IRON_ORE,MAXIMUM,EVENT_INCREMENT_W0,50,5.459389,5.463641,0.004252,-0.0779,0.216186,50,0.4,0.6,,,,
IRON_ORE,MAXIMUM,EVENT_INCREMENT_W1,50,5.459389,5.463641,0.004252,-0.0779,0.216186,50,0.4,0.6,,,,
IRON_ORE,MAXIMUM,EVENT_INCREMENT_W2,50,4.002372,4.110105,0.107733,-2.6917,0.199495,50,0.52,0.48,,,,
IRON_ORE,MAXIMUM,EVENT_INCREMENT_W3,50,3.603265,3.721455,0.11819,-3.2801,0.183596,50,0.52,0.48,,,,
IRON_ORE,MAXIMUM,EVENT_INCREMENT_W4,50,3.496734,3.588137,0.091403,-2.6139,0.156808,50,0.52,0.48,,,,
SCRAP,MATCHED,M0,50,50.539865,26.335537,-24.204328,,35.094202,47,0.6809,0.3191,0.72,0.04,0.93,7
SCRAP,MATCHED,M1,50,49.449929,27.861529,-21.5884,,38.248265,47,0.6596,0.3404,0.7647,0.1212,0.63,4
SCRAP,MATCHED,M2,50,51.037073,26.625191,-24.411882,,39.638663,47,0.6809,0.3191,0.5263,0.129,0.561,9
SCRAP,MATCHED,EVENT_INCREMENT_W0,50,49.449929,51.037073,1.587144,-3.2096,12.024939,50,0.48,0.52,,,,
SCRAP,MATCHED,EVENT_INCREMENT_W1,50,49.449929,51.037073,1.587144,-3.2096,12.024939,50,0.48,0.52,,,,
SCRAP,MATCHED,EVENT_INCREMENT_W2,50,31.14533,30.095645,-1.049685,3.3703,8.206213,50,0.56,0.44,,,,
SCRAP,MATCHED,EVENT_INCREMENT_W3,50,27.462938,26.36055,-1.102387,4.0141,7.249353,50,0.56,0.44,,,,
SCRAP,MATCHED,EVENT_INCREMENT_W4,50,27.861529,26.625191,-1.236338,4.4374,7.240979,50,0.58,0.42,,,,
SCRAP,MAXIMUM,M0,50,45.575019,25.261346,-20.313673,,32.555559,47,0.6383,0.3617,0.65,0.0667,0.674,7
SCRAP,MAXIMUM,M1,50,49.240104,27.758573,-21.481531,,39.878314,47,0.6383,0.3617,0.6842,0.129,0.659,6
SCRAP,MAXIMUM,M2,50,50.305998,27.880303,-22.425695,,41.64304,47,0.6383,0.3617,0.6818,0.1786,0.791,7
SCRAP,MAXIMUM,EVENT_INCREMENT_W0,50,49.240104,50.305998,1.065894,-2.1647,4.977259,50,0.48,0.52,,,,
SCRAP,MAXIMUM,EVENT_INCREMENT_W1,50,49.240104,50.305998,1.065894,-2.1647,4.977259,50,0.48,0.52,,,,
SCRAP,MAXIMUM,EVENT_INCREMENT_W2,50,31.230705,31.933096,0.702391,-2.249,4.869354,50,0.5,0.5,,,,
SCRAP,MAXIMUM,EVENT_INCREMENT_W3,50,27.639134,27.795304,0.15617,-0.565,5.098108,50,0.54,0.46,,,,
SCRAP,MAXIMUM,EVENT_INCREMENT_W4,50,27.758573,27.880303,0.12173,-0.4385,5.063668,50,0.54,0.46,,,,
