target_id,history_mode,stage,model,n_months,mae,rmse,direction,large_move_mae,market_skill_pct,event_skill_pct,market_p,event_p,event_moved_months,event_beneficial_rate,event_harmful_rate
SCRAP,MATCHED,W0,M0,50,48.811158,74.295395,0.56,120.559275,,,,,,,
SCRAP,MATCHED,W0,M1,50,47.251382,73.435168,0.58,118.135869,,,,,,,
SCRAP,MATCHED,W0,M2,50,49.399621,75.669183,0.58,123.042514,,,,,,,
SCRAP,MATCHED,W1,M0,50,48.811158,74.295395,0.56,120.559275,,,,,,,
SCRAP,MATCHED,W1,M1,50,47.251382,73.435168,0.58,118.135869,,,,,,,
SCRAP,MATCHED,W1,M2,50,49.399621,75.669183,0.58,123.042514,,,,,,,
SCRAP,MATCHED,W2,M0,50,31.169667,50.30182,0.76,70.877853,,,,,,,
SCRAP,MATCHED,W2,M1,50,29.056331,48.890762,0.76,63.990223,,,,,,,
SCRAP,MATCHED,W2,M2,50,30.454531,50.205288,0.76,67.580205,,,,,,,
SCRAP,MATCHED,W3,M0,50,26.050471,41.198209,0.8,61.892613,,,,,,,
SCRAP,MATCHED,W3,M1,50,25.715553,43.200133,0.82,59.659627,,,,,,,
SCRAP,MATCHED,W3,M2,50,26.028254,43.485004,0.82,60.671357,,,,,,,
SCRAP,MATCHED,W4,M0,50,26.183175,41.21351,0.8,61.892613,,,,,,,
SCRAP,MATCHED,W4,M1,50,25.793323,43.209085,0.82,59.659627,,,,,,,
SCRAP,MATCHED,W4,M2,50,26.107116,43.489622,0.82,60.671357,,,,,,,
SCRAP,MATCHED,W0,SKILL,50,,,,,3.1955,-4.5464,0.38815,0.28915,33,0.4242,0.5758
SCRAP,MATCHED,W1,SKILL,50,,,,,3.1955,-4.5464,0.38815,0.28915,33,0.4242,0.5758
SCRAP,MATCHED,W2,SKILL,50,,,,,6.7801,-4.812,0.15745,0.01165,33,0.4545,0.5455
SCRAP,MATCHED,W3,SKILL,50,,,,,1.2856,-1.216,0.71215,0.431,35,0.4286,0.5714
SCRAP,MATCHED,W4,SKILL,50,,,,,1.4889,-1.2166,0.66975,0.4302,35,0.4286,0.5714
SCRAP,MAXIMUM,W0,M0,50,45.575019,69.457546,0.6,113.569423,,,,,,,
SCRAP,MAXIMUM,W0,M1,50,49.240104,76.137878,0.62,126.099156,,,,,,,
SCRAP,MAXIMUM,W0,M2,50,49.938745,76.49877,0.6,129.16463,,,,,,,
SCRAP,MAXIMUM,W1,M0,50,45.575019,69.457546,0.6,113.569423,,,,,,,
SCRAP,MAXIMUM,W1,M1,50,49.240104,76.137878,0.62,126.099156,,,,,,,
SCRAP,MAXIMUM,W1,M2,50,49.938745,76.49877,0.6,129.16463,,,,,,,
SCRAP,MAXIMUM,W2,M0,50,30.48137,49.072536,0.76,68.387846,,,,,,,
SCRAP,MAXIMUM,W2,M1,50,31.230705,49.874484,0.76,68.344868,,,,,,,
SCRAP,MAXIMUM,W2,M2,50,31.716855,49.408766,0.74,68.07629,,,,,,,
SCRAP,MAXIMUM,W3,M0,50,25.099057,40.006679,0.82,58.860647,,,,,,,
SCRAP,MAXIMUM,W3,M1,50,27.639134,48.89433,0.8,66.31545,,,,,,,
SCRAP,MAXIMUM,W3,M2,50,27.990503,49.169027,0.82,66.679568,,,,,,,
SCRAP,MAXIMUM,W4,M0,50,25.261346,40.035893,0.82,58.860647,,,,,,,
SCRAP,MAXIMUM,W4,M1,50,27.758573,48.90995,0.8,66.31545,,,,,,,
SCRAP,MAXIMUM,W4,M2,50,28.127845,49.178838,0.82,66.679568,,,,,,,
SCRAP,MAXIMUM,W0,SKILL,50,,,,,-8.0419,-1.4188,0.05935,0.62965,33,0.4545,0.5455
SCRAP,MAXIMUM,W1,SKILL,50,,,,,-8.0419,-1.4188,0.05935,0.62965,33,0.4545,0.5455
SCRAP,MAXIMUM,W2,SKILL,50,,,,,-2.4583,-1.5566,0.3618,0.2914,33,0.5455,0.4545
SCRAP,MAXIMUM,W3,SKILL,50,,,,,-10.1202,-1.2713,0.20445,0.41605,35,0.5429,0.4571
SCRAP,MAXIMUM,W4,SKILL,50,,,,,-9.8856,-1.3303,0.2111,0.3831,35,0.5429,0.4571
IRON_ORE,MATCHED,W0,M0,50,4.58127,6.486896,0.62,12.716993,,,,,,,
IRON_ORE,MATCHED,W0,M1,50,5.459389,7.11122,0.48,13.44888,,,,,,,
IRON_ORE,MATCHED,W0,M2,50,5.449327,7.107788,0.52,13.435019,,,,,,,
IRON_ORE,MATCHED,W1,M0,50,4.58127,6.486896,0.62,12.716993,,,,,,,
IRON_ORE,MATCHED,W1,M1,50,5.459389,7.11122,0.48,13.44888,,,,,,,
IRON_ORE,MATCHED,W1,M2,50,5.449327,7.107788,0.52,13.435019,,,,,,,
IRON_ORE,MATCHED,W2,M0,50,3.836869,5.644828,0.78,10.140322,,,,,,,
IRON_ORE,MATCHED,W2,M1,50,3.996307,5.720612,0.72,10.046896,,,,,,,
IRON_ORE,MATCHED,W2,M2,50,4.02308,5.706007,0.74,10.005529,,,,,,,
IRON_ORE,MATCHED,W3,M0,50,3.643923,5.564196,0.76,10.140322,,,,,,,
IRON_ORE,MATCHED,W3,M1,50,3.596779,5.502444,0.74,10.046896,,,,,,,
IRON_ORE,MATCHED,W3,M2,50,3.646523,5.505185,0.74,10.005529,,,,,,,
IRON_ORE,MATCHED,W4,M0,50,3.53654,5.493518,0.76,10.140322,,,,,,,
IRON_ORE,MATCHED,W4,M1,50,3.490248,5.431834,0.74,10.046896,,,,,,,
IRON_ORE,MATCHED,W4,M2,50,3.535823,5.42967,0.74,10.005529,,,,,,,
IRON_ORE,MATCHED,W0,SKILL,50,,,,,-19.1676,0.1843,0.06555,0.6388,33,0.5455,0.4545
IRON_ORE,MATCHED,W1,SKILL,50,,,,,-19.1676,0.1843,0.06555,0.6388,33,0.5455,0.4545
IRON_ORE,MATCHED,W2,SKILL,50,,,,,-4.1554,-0.6699,0.3135,0.59105,33,0.5152,0.4848
IRON_ORE,MATCHED,W3,SKILL,50,,,,,1.2938,-1.383,0.2948,0.5577,35,0.5143,0.4857
IRON_ORE,MATCHED,W4,SKILL,50,,,,,1.309,-1.3058,0.30565,0.56605,35,0.5143,0.4857
IRON_ORE,MAXIMUM,W0,M0,50,4.58127,6.486896,0.62,12.716993,,,,,,,
IRON_ORE,MAXIMUM,W0,M1,50,5.459389,7.11122,0.48,13.44888,,,,,,,
IRON_ORE,MAXIMUM,W0,M2,50,5.449327,7.107788,0.52,13.435019,,,,,,,
IRON_ORE,MAXIMUM,W1,M0,50,4.58127,6.486896,0.62,12.716993,,,,,,,
IRON_ORE,MAXIMUM,W1,M1,50,5.459389,7.11122,0.48,13.44888,,,,,,,
IRON_ORE,MAXIMUM,W1,M2,50,5.449327,7.107788,0.52,13.435019,,,,,,,
IRON_ORE,MAXIMUM,W2,M0,50,3.903173,5.840868,0.76,10.466181,,,,,,,
IRON_ORE,MAXIMUM,W2,M1,50,4.002372,5.74887,0.7,10.09881,,,,,,,
IRON_ORE,MAXIMUM,W2,M2,50,3.9949,5.767145,0.72,10.140286,,,,,,,
IRON_ORE,MAXIMUM,W3,M0,50,3.699637,5.759258,0.74,10.466181,,,,,,,
IRON_ORE,MAXIMUM,W3,M1,50,3.603265,5.536455,0.72,10.09881,,,,,,,
IRON_ORE,MAXIMUM,W3,M2,50,3.592286,5.556112,0.72,10.140286,,,,,,,
IRON_ORE,MAXIMUM,W4,M0,50,3.592253,5.691004,0.74,10.466181,,,,,,,
IRON_ORE,MAXIMUM,W4,M1,50,3.496734,5.466284,0.72,10.09881,,,,,,,
IRON_ORE,MAXIMUM,W4,M2,50,3.481586,5.4813,0.72,10.140286,,,,,,,
IRON_ORE,MAXIMUM,W0,SKILL,50,,,,,-19.1676,0.1843,0.06555,0.6388,33,0.5455,0.4545
IRON_ORE,MAXIMUM,W1,SKILL,50,,,,,-19.1676,0.1843,0.06555,0.6388,33,0.5455,0.4545
IRON_ORE,MAXIMUM,W2,SKILL,50,,,,,-2.5415,0.1867,0.5204,0.71595,33,0.5152,0.4848
IRON_ORE,MAXIMUM,W3,SKILL,50,,,,,2.6049,0.3047,0.12295,0.66475,35,0.5143,0.4857
IRON_ORE,MAXIMUM,W4,SKILL,50,,,,,2.659,0.4332,0.1285,0.54275,35,0.5143,0.4857
CRUDE_OIL,MATCHED,W0,M0,50,22.343246,29.236323,0.52,48.800844,,,,,,,
CRUDE_OIL,MATCHED,W0,M1,50,22.331614,29.386013,0.54,48.885487,,,,,,,
CRUDE_OIL,MATCHED,W0,M2,50,22.331614,29.386013,0.54,48.885487,,,,,,,
CRUDE_OIL,MATCHED,W1,M0,50,22.343246,29.236323,0.52,48.800844,,,,,,,
CRUDE_OIL,MATCHED,W1,M1,50,22.331614,29.386013,0.54,48.885487,,,,,,,
CRUDE_OIL,MATCHED,W1,M2,50,22.331614,29.386013,0.54,48.885487,,,,,,,
CRUDE_OIL,MATCHED,W2,M0,50,19.502442,23.976204,0.74,32.817174,,,,,,,
CRUDE_OIL,MATCHED,W2,M1,50,19.542663,24.042286,0.74,32.887245,,,,,,,
CRUDE_OIL,MATCHED,W2,M2,50,19.542663,24.042286,0.74,32.887245,,,,,,,
CRUDE_OIL,MATCHED,W3,M0,50,17.834728,21.417949,0.74,24.629304,,,,,,,
CRUDE_OIL,MATCHED,W3,M1,50,17.849808,21.425507,0.74,24.62445,,,,,,,
CRUDE_OIL,MATCHED,W3,M2,50,17.849808,21.425507,0.74,24.62445,,,,,,,
CRUDE_OIL,MATCHED,W4,M0,50,17.78789,21.367032,0.74,24.629304,,,,,,,
CRUDE_OIL,MATCHED,W4,M1,50,17.81052,21.383103,0.74,24.62445,,,,,,,
CRUDE_OIL,MATCHED,W4,M2,50,17.81052,21.383103,0.74,24.62445,,,,,,,
CRUDE_OIL,MATCHED,W0,SKILL,50,,,,,0.0521,0.0,0.9853,1.0,0,,
CRUDE_OIL,MATCHED,W1,SKILL,50,,,,,0.0521,0.0,0.9853,1.0,0,,
CRUDE_OIL,MATCHED,W2,SKILL,50,,,,,-0.2062,0.0,0.40625,1.0,0,,
CRUDE_OIL,MATCHED,W3,SKILL,50,,,,,-0.0845,0.0,0.4799,1.0,0,,
CRUDE_OIL,MATCHED,W4,SKILL,50,,,,,-0.1272,0.0,0.16905,1.0,0,,
CRUDE_OIL,MAXIMUM,W0,M0,50,22.308616,29.015671,0.5,48.433651,,,,,,,
CRUDE_OIL,MAXIMUM,W0,M1,50,21.593477,28.399389,0.52,48.548569,,,,,,,
CRUDE_OIL,MAXIMUM,W0,M2,50,21.593477,28.399389,0.52,48.548569,,,,,,,
CRUDE_OIL,MAXIMUM,W1,M0,50,22.308616,29.015671,0.5,48.433651,,,,,,,
CRUDE_OIL,MAXIMUM,W1,M1,50,21.593477,28.399389,0.52,48.548569,,,,,,,
CRUDE_OIL,MAXIMUM,W1,M2,50,21.593477,28.399389,0.52,48.548569,,,,,,,
CRUDE_OIL,MAXIMUM,W2,M0,50,19.867452,24.294025,0.76,33.026463,,,,,,,
CRUDE_OIL,MAXIMUM,W2,M1,50,19.767416,24.28564,0.74,33.124994,,,,,,,
CRUDE_OIL,MAXIMUM,W2,M2,50,19.767416,24.28564,0.74,33.124994,,,,,,,
CRUDE_OIL,MAXIMUM,W3,M0,50,18.297664,21.841771,0.74,24.751822,,,,,,,
CRUDE_OIL,MAXIMUM,W3,M1,50,18.242063,21.774764,0.72,24.748764,,,,,,,
CRUDE_OIL,MAXIMUM,W3,M2,50,18.242063,21.774764,0.72,24.748764,,,,,,,
CRUDE_OIL,MAXIMUM,W4,M0,50,18.24442,21.779622,0.74,24.751822,,,,,,,
CRUDE_OIL,MAXIMUM,W4,M1,50,18.190506,21.714665,0.72,24.748764,,,,,,,
CRUDE_OIL,MAXIMUM,W4,M2,50,18.190506,21.714665,0.72,24.748764,,,,,,,
CRUDE_OIL,MAXIMUM,W0,SKILL,50,,,,,3.2057,0.0,0.6188,1.0,0,,
CRUDE_OIL,MAXIMUM,W1,SKILL,50,,,,,3.2057,0.0,0.6188,1.0,0,,
CRUDE_OIL,MAXIMUM,W2,SKILL,50,,,,,0.5035,0.0,0.42245,1.0,0,,
CRUDE_OIL,MAXIMUM,W3,SKILL,50,,,,,0.3039,0.0,0.59885,1.0,0,,
CRUDE_OIL,MAXIMUM,W4,SKILL,50,,,,,0.2955,0.0,0.6047,1.0,0,,
