target_id,history_mode,stage,model,n_months,mae,rmse,direction
COPPER_SCRAP,MATCHED,W0,M0,50,44.784139,58.003698,0.4
COPPER_SCRAP,MATCHED,W0,M1,50,35.09513,44.549911,0.6
COPPER_SCRAP,MATCHED,W0,M2,50,38.465801,48.014089,0.58
COPPER_SCRAP,MATCHED,W1,M0,50,44.784139,58.003698,0.4
COPPER_SCRAP,MATCHED,W1,M1,50,35.09513,44.549911,0.6
COPPER_SCRAP,MATCHED,W1,M2,50,38.465801,48.014089,0.58
COPPER_SCRAP,MATCHED,W2,M0,50,35.614431,48.604893,0.62
COPPER_SCRAP,MATCHED,W2,M1,50,27.720547,34.08639,0.68
COPPER_SCRAP,MATCHED,W2,M2,50,29.597376,37.259369,0.68
COPPER_SCRAP,MATCHED,W3,M0,50,33.732887,46.482562,0.66
COPPER_SCRAP,MATCHED,W3,M1,50,25.497438,31.846961,0.72
COPPER_SCRAP,MATCHED,W3,M2,50,27.266344,35.022075,0.74
COPPER_SCRAP,MATCHED,W4,M0,50,33.074533,45.067819,0.68
COPPER_SCRAP,MATCHED,W4,M1,50,24.816974,31.226329,0.72
COPPER_SCRAP,MATCHED,W4,M2,50,28.583424,37.807046,0.72
COPPER_SCRAP,MAXIMUM,W0,M0,50,44.768561,57.969459,0.4
COPPER_SCRAP,MAXIMUM,W0,M1,50,34.385172,44.144157,0.6
COPPER_SCRAP,MAXIMUM,W0,M2,50,38.580846,48.166301,0.58
COPPER_SCRAP,MAXIMUM,W1,M0,50,44.768561,57.969459,0.4
COPPER_SCRAP,MAXIMUM,W1,M1,50,34.385172,44.144157,0.6
COPPER_SCRAP,MAXIMUM,W1,M2,50,38.580846,48.166301,0.58
COPPER_SCRAP,MAXIMUM,W2,M0,50,35.507573,48.562102,0.62
COPPER_SCRAP,MAXIMUM,W2,M1,50,26.930198,33.585078,0.68
COPPER_SCRAP,MAXIMUM,W2,M2,50,29.562626,37.390319,0.7
COPPER_SCRAP,MAXIMUM,W3,M0,50,33.674352,46.425866,0.66
COPPER_SCRAP,MAXIMUM,W3,M1,50,24.706319,31.362038,0.72
COPPER_SCRAP,MAXIMUM,W3,M2,50,27.072551,34.992233,0.76
COPPER_SCRAP,MAXIMUM,W4,M0,50,33.021716,45.02391,0.68
COPPER_SCRAP,MAXIMUM,W4,M1,50,24.742237,31.374466,0.72
COPPER_SCRAP,MAXIMUM,W4,M2,50,27.651948,36.538372,0.74
CRUDE_OIL,MATCHED,W0,M0,50,24.701686,32.833238,0.54
CRUDE_OIL,MATCHED,W0,M1,50,26.660022,33.91567,0.52
CRUDE_OIL,MATCHED,W0,M2,50,26.035763,33.307282,0.52
CRUDE_OIL,MATCHED,W1,M0,50,24.701686,32.833238,0.54
CRUDE_OIL,MATCHED,W1,M1,50,26.660022,33.91567,0.52
CRUDE_OIL,MATCHED,W1,M2,50,26.043467,33.317652,0.52
CRUDE_OIL,MATCHED,W2,M0,50,21.133236,28.674538,0.72
CRUDE_OIL,MATCHED,W2,M1,50,23.053928,29.835269,0.68
CRUDE_OIL,MATCHED,W2,M2,50,22.427613,28.969712,0.68
CRUDE_OIL,MATCHED,W3,M0,50,18.193044,24.432255,0.76
CRUDE_OIL,MATCHED,W3,M1,50,19.997976,25.620306,0.72
CRUDE_OIL,MATCHED,W3,M2,50,19.811915,25.39703,0.72
CRUDE_OIL,MATCHED,W4,M0,50,18.150107,24.41906,0.76
CRUDE_OIL,MATCHED,W4,M1,50,19.720402,25.329266,0.72
CRUDE_OIL,MATCHED,W4,M2,50,19.55888,25.124646,0.72
CRUDE_OIL,MAXIMUM,W0,M0,50,22.308616,29.015671,0.5
CRUDE_OIL,MAXIMUM,W0,M1,50,21.593477,28.399389,0.52
CRUDE_OIL,MAXIMUM,W0,M2,50,22.072834,27.346579,0.5
CRUDE_OIL,MAXIMUM,W1,M0,50,22.308616,29.015671,0.5
CRUDE_OIL,MAXIMUM,W1,M1,50,21.593477,28.399389,0.52
CRUDE_OIL,MAXIMUM,W1,M2,50,22.079445,27.360617,0.5
CRUDE_OIL,MAXIMUM,W2,M0,50,19.867452,24.294025,0.76
CRUDE_OIL,MAXIMUM,W2,M1,50,19.767416,24.28564,0.74
CRUDE_OIL,MAXIMUM,W2,M2,50,19.78453,24.396388,0.74
CRUDE_OIL,MAXIMUM,W3,M0,50,18.297664,21.841771,0.74
CRUDE_OIL,MAXIMUM,W3,M1,50,18.242063,21.774764,0.72
CRUDE_OIL,MAXIMUM,W3,M2,50,18.273597,21.948426,0.72
CRUDE_OIL,MAXIMUM,W4,M0,50,18.24442,21.779622,0.74
CRUDE_OIL,MAXIMUM,W4,M1,50,18.190506,21.714665,0.72
CRUDE_OIL,MAXIMUM,W4,M2,50,18.286185,21.963765,0.72
IRON_ORE,MATCHED,W0,M0,50,5.243222,6.802823,0.56
IRON_ORE,MATCHED,W0,M1,50,5.060178,6.62439,0.58
IRON_ORE,MATCHED,W0,M2,50,4.99161,6.533847,0.58
IRON_ORE,MATCHED,W1,M0,50,5.243222,6.802823,0.56
IRON_ORE,MATCHED,W1,M1,50,5.060178,6.62439,0.58
IRON_ORE,MATCHED,W1,M2,50,4.99161,6.533847,0.58
IRON_ORE,MATCHED,W2,M0,50,4.030625,5.326672,0.7
IRON_ORE,MATCHED,W2,M1,50,3.59521,4.844096,0.72
IRON_ORE,MATCHED,W2,M2,50,3.536985,4.740589,0.72
IRON_ORE,MATCHED,W3,M0,50,3.691784,5.07256,0.72
IRON_ORE,MATCHED,W3,M1,50,3.35405,4.661343,0.72
IRON_ORE,MATCHED,W3,M2,50,3.360935,4.637532,0.72
IRON_ORE,MATCHED,W4,M0,50,3.577558,4.969208,0.72
IRON_ORE,MATCHED,W4,M1,50,3.323582,4.644084,0.72
IRON_ORE,MATCHED,W4,M2,50,3.324539,4.610662,0.72
IRON_ORE,MAXIMUM,W0,M0,50,4.58127,6.486896,0.62
IRON_ORE,MAXIMUM,W0,M1,50,5.459389,7.11122,0.48
IRON_ORE,MAXIMUM,W0,M2,50,5.463641,7.118483,0.5
IRON_ORE,MAXIMUM,W1,M0,50,4.58127,6.486896,0.62
IRON_ORE,MAXIMUM,W1,M1,50,5.459389,7.11122,0.48
IRON_ORE,MAXIMUM,W1,M2,50,5.463641,7.118483,0.5
IRON_ORE,MAXIMUM,W2,M0,50,3.903173,5.840868,0.76
IRON_ORE,MAXIMUM,W2,M1,50,4.002372,5.74887,0.7
IRON_ORE,MAXIMUM,W2,M2,50,4.110105,5.802298,0.7
IRON_ORE,MAXIMUM,W3,M0,50,3.699637,5.759258,0.74
IRON_ORE,MAXIMUM,W3,M1,50,3.603265,5.536455,0.72
IRON_ORE,MAXIMUM,W3,M2,50,3.721455,5.598414,0.72
IRON_ORE,MAXIMUM,W4,M0,50,3.592253,5.691004,0.74
IRON_ORE,MAXIMUM,W4,M1,50,3.496734,5.466284,0.72
IRON_ORE,MAXIMUM,W4,M2,50,3.588137,5.494529,0.72
SCRAP,MATCHED,W0,M0,50,50.539865,77.836036,0.5
SCRAP,MATCHED,W0,M1,50,49.449929,77.566566,0.66
SCRAP,MATCHED,W0,M2,50,51.037073,80.664746,0.62
SCRAP,MATCHED,W1,M0,50,50.539865,77.836036,0.5
SCRAP,MATCHED,W1,M1,50,49.449929,77.566566,0.66
SCRAP,MATCHED,W1,M2,50,51.037073,80.664746,0.62
SCRAP,MATCHED,W2,M0,50,31.890113,55.18217,0.76
SCRAP,MATCHED,W2,M1,50,31.14533,51.038231,0.82
SCRAP,MATCHED,W2,M2,50,30.095645,50.417424,0.72
SCRAP,MATCHED,W3,M0,50,26.289297,42.988526,0.84
SCRAP,MATCHED,W3,M1,50,27.462938,44.71992,0.86
SCRAP,MATCHED,W3,M2,50,26.36055,43.585983,0.76
SCRAP,MATCHED,W4,M0,50,26.335537,42.989945,0.84
SCRAP,MATCHED,W4,M1,50,27.861529,44.844702,0.84
SCRAP,MATCHED,W4,M2,50,26.625191,43.67229,0.74
SCRAP,MAXIMUM,W0,M0,50,45.575019,69.457546,0.6
SCRAP,MAXIMUM,W0,M1,50,49.240104,76.137878,0.62
SCRAP,MAXIMUM,W0,M2,50,50.305998,75.778981,0.56
SCRAP,MAXIMUM,W1,M0,50,45.575019,69.457546,0.6
SCRAP,MAXIMUM,W1,M1,50,49.240104,76.137878,0.62
SCRAP,MAXIMUM,W1,M2,50,50.305998,75.778981,0.56
SCRAP,MAXIMUM,W2,M0,50,30.48137,49.072536,0.76
SCRAP,MAXIMUM,W2,M1,50,31.230705,49.874484,0.76
SCRAP,MAXIMUM,W2,M2,50,31.933096,49.645488,0.7
SCRAP,MAXIMUM,W3,M0,50,25.099057,40.006679,0.82
SCRAP,MAXIMUM,W3,M1,50,27.639134,48.89433,0.8
SCRAP,MAXIMUM,W3,M2,50,27.795304,48.497309,0.76
SCRAP,MAXIMUM,W4,M0,50,25.261346,40.035893,0.82
SCRAP,MAXIMUM,W4,M1,50,27.758573,48.90995,0.8
SCRAP,MAXIMUM,W4,M2,50,27.880303,48.51429,0.76
