target_id,label,known_at,family,stage,direction,surprise,channel,title,url
CRUDE_OIL,원유,2016-05-12,BIS,TERMINATION,DOWN,NEW,A_TRADE_POLICY,Removal of Short Supply License Requirements on Exports of Crude Oil,
IRON_ORE,철광석,2009-01-05,ITA_NOTICE,FINAL,DOWN,NEW,A_TRADE_POLICY,Revocation of Antidumping Duty Order: Certain Steel Concrete Reinforcing Bars from Turkey,
IRON_ORE,철광석,2009-01-23,ITA_NOTICE,FINAL,UP,NEW,A_TRADE_POLICY,Circular Welded Carbon Quality Steel Line Pipe from the People's Republic of China: Notice of Amended Final Affirmative Countervailing Duty Determination and Notice of Countervaili,
IRON_ORE,철광석,2009-03-17,ITA_NOTICE,FINAL,UP,NEW,A_TRADE_POLICY,Antidumping Duty Order: Circular Welded Austenitic Stainless Pressure Pipe from the People's Republic of China,
IRON_ORE,철광석,2009-03-19,ITA_NOTICE,FINAL,UP,NEW,A_TRADE_POLICY,Circular Welded Austenitic Stainless Pressure Pipe From the People's Republic of China: Countervailing Duty Order,
IRON_ORE,철광석,2009-04-14,ITA_NOTICE,FINAL,UP,NEW,A_TRADE_POLICY,Certain Steel Threaded Rod from the People's Republic of China: Notice of Antidumping Duty Order,
IRON_ORE,철광석,2009-05-13,ITA_NOTICE,FINAL,UP,NEW,A_TRADE_POLICY,Certain Circular Welded Carbon Quality Steel Line Pipe from the People's Republic of China: Antidumping Duty Order,
IRON_ORE,철광석,2009-11-10,ITA_NOTICE,FINAL,UP,NEW,A_TRADE_POLICY,Continuation of Antidumping Duty Order on Certain Cut-to-Length Carbon Steel Plate from the People's Republic of China and Continuation of Suspended Antidumping Duty Investigations,
IRON_ORE,철광석,2010-10-19,ITA_NOTICE,FINAL,UP,ESCALATION,A_TRADE_POLICY,Certain Hot-Rolled Flat-Rolled Carbon-Quality Steel Products From Brazil: Correction to Notice of Antidumping Duty Order,
IRON_ORE,철광석,2011-06-21,ITA_NOTICE,FINAL,DOWN,NEW,A_TRADE_POLICY,Hot-Rolled Flat-Rolled Carbon-Quality Steel Products From Brazil and Japan: Revocation of the Antidumping Duty Orders on Brazil and Japan and the Countervailing Duty Order on Brazi,
IRON_ORE,철광석,2011-08-10,ITA_NOTICE,FINAL,DOWN,NEW,A_TRADE_POLICY,"Stainless Steel Sheet and Strip in Coils From Germany, Italy, and Mexico: Revocation of Antidumping Duty Orders",
IRON_ORE,철광석,2011-08-31,ITA_NOTICE,FINAL,DOWN,NEW,A_TRADE_POLICY,Stainless Steel Plate in Coils From Italy: Revocation of Antidumping Duty Order,
IRON_ORE,철광석,2011-09-21,ITC_NOTICE,FINAL,UP,ESCALATION,A_TRADE_POLICY,Tin- and Chromium-Coated Steel Sheet From Japan; Notice of Commission Determination To Conduct a Full Five-Year Review Concerning the Antidumping Duty Order on Tin- and Chromium-Co,
IRON_ORE,철광석,2011-10-17,ITC_NOTICE,FINAL,UP,ESCALATION,A_TRADE_POLICY,Stainless Steel Wire Rod From India; Scheduling of an Expedited Five-Year Review Concerning the Antidumping Duty Order on Stainless Steel Wire Rod From India,
IRON_ORE,철광석,2011-12-01,ITA_NOTICE,FINAL,DOWN,NEW,A_TRADE_POLICY,Notice of Implementation of Determination Under Section 129 of the Uruguay Round Agreements Act and Revocation of the Antidumping Duty Order on Stainless Steel Plate in Coils From ,
IRON_ORE,철광석,2012-01-04,ITA_NOTICE,FINAL,DOWN,NEW,A_TRADE_POLICY,Certain Cut-To-Length Carbon-Quality Steel Plate From Italy and Japan: Revocation of Antidumping and Countervailing Duty Orders,
IRON_ORE,철광석,2012-07-20,ITC_NOTICE,FINAL,UP,ESCALATION,A_TRADE_POLICY,"Scheduling of an Expedited Five-Year Review Concerning the Antidumping Duty Order on Certain Seamless Carbon and Alloy Steel, Standard, Line, and Pressure Pipe from Germany.",
IRON_ORE,철광석,2012-09-14,ITA_NOTICE,FINAL,UP,NEW,A_TRADE_POLICY,"Certain Small Diameter Seamless Carbon and Alloy Steel Standard, Line, and Pressure Pipe From Germany: Continuation of Antidumping Duty Order",
IRON_ORE,철광석,2013-03-19,ITA_NOTICE,FINAL,DOWN,NEW,A_TRADE_POLICY,Corrosion-Resistant Carbon Steel Flat Products From Germany and the Republic of Korea: Revocation of Antidumping and Countervailing Duty Orders,
IRON_ORE,철광석,2013-09-26,ITC_NOTICE,FINAL,UP,ESCALATION,A_TRADE_POLICY,Scheduling of Expedited Five-Year Reviews Concerning the Countervailing Duty Order and the Antidumping Order on Circular Welded Carbon-Quality Steel Pipe From China,
IRON_ORE,철광석,2013-11-14,ITC_NOTICE,FINAL,UP,ESCALATION,A_TRADE_POLICY,Steel Nails From China; Scheduling of an Expedited Five-Year Review Concerning the Antidumping Duty Order on Steel Nails From China,
IRON_ORE,철광석,2014-01-10,ITC_NOTICE,FINAL,UP,ESCALATION,A_TRADE_POLICY,Steel Wire Garment Hangers From China; Scheduling of an Expedited Five-Year Review Concerning the Antidumping Duty Order on Steel Wire Garment Hangers From China,
IRON_ORE,철광석,2014-07-03,ITA_NOTICE,FINAL,DOWN,NEW,A_TRADE_POLICY,Carbon and Certain Alloy Steel Wire Rod From Ukraine: Revocation of Antidumping Duty Order,
IRON_ORE,철광석,2015-04-23,ITA_NOTICE,FINAL,UP,NEW,A_TRADE_POLICY,"Prestressed Concrete Steel Wire Strand From Brazil, India, Japan, the Republic of Korea, Mexico, and Thailand: Continuation of the Antidumping Duty Finding/Orders and Countervailin",
IRON_ORE,철광석,2015-05-18,ITA_NOTICE,FINAL,UP,NEW,A_TRADE_POLICY,Certain Oil Country Tubular Goods From the People's Republic of China: Continuation of the Antidumping Duty Order and Countervailing Duty Order,
IRON_ORE,철광석,2016-03-16,ITA_NOTICE,FINAL,UP,NEW,A_TRADE_POLICY,Seamless Carbon Alloy Steel Standard Line and Pressure Pipes From the People's Republic of China: Continuation of Antidumping Duty Order and Countervailing Duty Order,
IRON_ORE,철광석,2016-07-25,ITA_NOTICE,FINAL,UP,NEW,A_TRADE_POLICY,"Certain Corrosion-Resistant Steel Products From India, Italy, Republic of Korea and the People's Republic of China: Countervailing Duty Order",
IRON_ORE,철광석,2016-09-20,ITA_NOTICE,FINAL,UP,NEW,A_TRADE_POLICY,"Certain Cold-Rolled Steel Flat Products from Brazil, India, and the Republic of Korea: Amended Final Affirmative Countervailing Duty Determination and Countervailing Duty Order (th",
IRON_ORE,철광석,2017-01-09,ITA_NOTICE,FINAL,UP,NEW,A_TRADE_POLICY,"Stainless Steel Plate in Coils From Belgium, South Africa, and Taiwan: Continuation of Antidumping Duty Orders and Countervailing Duty Order",
IRON_ORE,철광석,2017-10-03,ITA_NOTICE,FINAL,UP,NEW,A_TRADE_POLICY,"Certain Stainless Steel Sheet and Strip in Coils From Japan, the Republic of Korea, and Taiwan; Continuation of Antidumping Duty Orders and Countervailing Duty Order",
IRON_ORE,철광석,2018-03-15,PRESDOC_PROCLAMATION,IMPLEMENTATION,UP,NEW,A_TRADE_POLICY,Adjusting Imports of Steel Into the United States,
IRON_ORE,철광석,2018-03-19,BIS,TERMINATION,DOWN,NEW,A_TRADE_POLICY,Requirements for Submissions Requesting Exclusions From the Remedies Instituted in Presidential Proclamations Adjusting Imports of Steel Into the United States and Adjusting Import,
IRON_ORE,철광석,2018-09-11,BIS,TERMINATION,DOWN,NEW,A_TRADE_POLICY,Submissions of Exclusion Requests and Objections to Submitted Requests for Steel and Aluminum,
IRON_ORE,철광석,2019-02-28,BIS,TERMINATION,DOWN,NEW,A_TRADE_POLICY,Submission for OMB Review; Comment Request; Procedures for Submitting Request for Exclusions From the Section 232 National Security Adjustments of Imports of Steel and Aluminum,
IRON_ORE,철광석,2019-05-10,PRESDOC_EXECUTIVE_ORDER,IMPLEMENTATION,UP,NEW,B_GEO_SUPPLY,"Imposing Sanctions With Respect to the Iron, Steel, Aluminum, and Copper Sectors of Iran",
IRON_ORE,철광석,2019-09-16,ITA_NOTICE,FINAL,UP,NEW,A_TRADE_POLICY,Certain Steel Racks and Parts Thereof From the People's Republic of China: Amended Final Affirmative Antidumping Duty Determination and Antidumping Duty Order; and Countervailing D,
IRON_ORE,철광석,2019-12-06,ITA_NOTICE,FINAL,UP,NEW,A_TRADE_POLICY,Circular Welded Austenitic Stainless Pressure Pipe From the People's Republic of China: Continuation of Antidumping Duty Order and Countervailing Duty Order,
IRON_ORE,철광석,2020-01-29,PRESDOC_PROCLAMATION,IMPLEMENTATION,UP,NEW,A_TRADE_POLICY,Adjusting Imports of Derivative Aluminum Articles and Derivative Steel Articles Into the United States,
IRON_ORE,철광석,2020-05-26,BIS,TERMINATION,DOWN,NEW,A_TRADE_POLICY,Notice of Inquiry Regarding the Exclusion Process for Section 232 Steel and Aluminum Import Tariffs and Quotas,
IRON_ORE,철광석,2020-08-27,ITA_NOTICE,FINAL,UP,NEW,A_TRADE_POLICY,"Carbon and Certain Alloy Steel Wire Rod from Brazil, Indonesia, Mexico, Moldova, and Trinidad and Tobago: Continuation of Antidumping Duty Orders and Countervailing Duty Order",
IRON_ORE,철광석,2020-12-14,BIS,TERMINATION,DOWN,NEW,A_TRADE_POLICY,Section 232 Steel and Aluminum Tariff Exclusions Process,
IRON_ORE,철광석,2021-05-12,ITA_NOTICE,FINAL,UP,NEW,A_TRADE_POLICY,Boltless Steel Shelving Units Prepackaged for Sale From the People's Republic of China: Continuation of Antidumping Duty Order and Countervailing Duty Order,
IRON_ORE,철광석,2021-12-09,BIS,TERMINATION,DOWN,NEW,A_TRADE_POLICY,Removal of Certain General Approved Exclusions (GAEs) Under the Section 232 Steel and Aluminum Tariff Exclusions Process,
IRON_ORE,철광석,2022-08-25,ITA_NOTICE,FINAL,DOWN,NEW,A_TRADE_POLICY,"Cold-Rolled Steel Flat Products From Brazil, China, India, Japan, the Republic of Korea, and the United Kingdom: Continuation of Antidumping Duty Orders (China, Japan, Korea, and U",
IRON_ORE,철광석,2022-12-05,ITA_NOTICE,FINAL,UP,NEW,A_TRADE_POLICY,"Finished Carbon Steel Flanges From India, Italy, and Spain: Continuation of Antidumping Duty Orders and Countervailing Duty Order",
IRON_ORE,철광석,2022-12-22,ITA_NOTICE,FINAL,DOWN,NEW,A_TRADE_POLICY,"Certain Hot-Rolled Steel Flat Products From Australia, Brazil, Japan, the Republic of Korea, the Netherlands, the Republic of Turkey, and the United Kingdom: Continuation of Antidu",
IRON_ORE,철광석,2023-05-26,ITA_NOTICE,FINAL,UP,ESCALATION,A_TRADE_POLICY,Stainless Steel Wire Rod From the Republic of Korea: Final Negative Determination of Circumvention of the Antidumping Duty Order,
IRON_ORE,철광석,2023-08-28,BIS,TERMINATION,DOWN,NEW,A_TRADE_POLICY,Revisions of the Section 232 Steel and Aluminum Tariff Exclusions Process,
IRON_ORE,철광석,2023-10-13,ITA_NOTICE,FINAL,UP,NEW,A_TRADE_POLICY,Steel Wire Garment Hangers From Taiwan and the Socialist Republic of Vietnam: Continuation of Antidumping Duty Orders and Countervailing Duty Order,
IRON_ORE,철광석,2024-01-11,ITA_NOTICE,FINAL,DOWN,NEW,A_TRADE_POLICY,"Certain Welded Carbon Steel Pipes and Tubes From India, Thailand, and the Republic of Turkey; Certain Circular Welded Non-Alloy Steel Pipe From Brazil, Mexico, the Republic of Kore",
IRON_ORE,철광석,2024-05-20,BIS,TERMINATION,DOWN,NEW,A_TRADE_POLICY,Revisions of the Section 232 Steel and Aluminum Tariff Exclusions Process,
IRON_ORE,철광석,2025-06-09,PRESDOC_PROCLAMATION,IMPLEMENTATION,UP,NEW,A_TRADE_POLICY,Adjusting Imports of Aluminum and Steel Into the United States,
IRON_ORE,철광석,2025-06-26,ITA_NOTICE,FINAL,UP,NEW,A_TRADE_POLICY,"Carbon and Alloy Steel Threaded Rod From India, Taiwan, Thailand, and the People's Republic of China: Continuation of Antidumping Duty Orders and Countervailing Duty Order",
IRON_ORE,철광석,2025-07-10,ITA_NOTICE,FINAL,UP,NEW,A_TRADE_POLICY,Steel Propane Cylinders From the People's Republic of China and Thailand: Continuation of Antidumping Duty Orders and Countervailing Duty Order,
SCRAP,철·강 스크랩,2009-01-05,ITA_NOTICE,FINAL,DOWN,NEW,A_TRADE_POLICY,Revocation of Antidumping Duty Order: Certain Steel Concrete Reinforcing Bars from Turkey,
SCRAP,철·강 스크랩,2009-01-23,ITA_NOTICE,FINAL,UP,NEW,A_TRADE_POLICY,Circular Welded Carbon Quality Steel Line Pipe from the People's Republic of China: Notice of Amended Final Affirmative Countervailing Duty Determination and Notice of Countervaili,
SCRAP,철·강 스크랩,2009-03-17,ITA_NOTICE,FINAL,UP,NEW,A_TRADE_POLICY,Antidumping Duty Order: Circular Welded Austenitic Stainless Pressure Pipe from the People's Republic of China,
SCRAP,철·강 스크랩,2009-03-19,ITA_NOTICE,FINAL,UP,NEW,A_TRADE_POLICY,Circular Welded Austenitic Stainless Pressure Pipe From the People's Republic of China: Countervailing Duty Order,
SCRAP,철·강 스크랩,2009-04-14,ITA_NOTICE,FINAL,UP,NEW,A_TRADE_POLICY,Certain Steel Threaded Rod from the People's Republic of China: Notice of Antidumping Duty Order,
SCRAP,철·강 스크랩,2009-05-13,ITA_NOTICE,FINAL,UP,NEW,A_TRADE_POLICY,Certain Circular Welded Carbon Quality Steel Line Pipe from the People's Republic of China: Antidumping Duty Order,
SCRAP,철·강 스크랩,2009-11-10,ITA_NOTICE,FINAL,UP,NEW,A_TRADE_POLICY,Continuation of Antidumping Duty Order on Certain Cut-to-Length Carbon Steel Plate from the People's Republic of China and Continuation of Suspended Antidumping Duty Investigations,
SCRAP,철·강 스크랩,2010-10-19,ITA_NOTICE,FINAL,UP,ESCALATION,A_TRADE_POLICY,Certain Hot-Rolled Flat-Rolled Carbon-Quality Steel Products From Brazil: Correction to Notice of Antidumping Duty Order,
SCRAP,철·강 스크랩,2011-06-21,ITA_NOTICE,FINAL,DOWN,NEW,A_TRADE_POLICY,Hot-Rolled Flat-Rolled Carbon-Quality Steel Products From Brazil and Japan: Revocation of the Antidumping Duty Orders on Brazil and Japan and the Countervailing Duty Order on Brazi,
SCRAP,철·강 스크랩,2011-08-10,ITA_NOTICE,FINAL,DOWN,NEW,A_TRADE_POLICY,"Stainless Steel Sheet and Strip in Coils From Germany, Italy, and Mexico: Revocation of Antidumping Duty Orders",
SCRAP,철·강 스크랩,2011-08-31,ITA_NOTICE,FINAL,DOWN,NEW,A_TRADE_POLICY,Stainless Steel Plate in Coils From Italy: Revocation of Antidumping Duty Order,
SCRAP,철·강 스크랩,2011-09-21,ITC_NOTICE,FINAL,UP,ESCALATION,A_TRADE_POLICY,Tin- and Chromium-Coated Steel Sheet From Japan; Notice of Commission Determination To Conduct a Full Five-Year Review Concerning the Antidumping Duty Order on Tin- and Chromium-Co,
SCRAP,철·강 스크랩,2011-10-17,ITC_NOTICE,FINAL,UP,ESCALATION,A_TRADE_POLICY,Stainless Steel Wire Rod From India; Scheduling of an Expedited Five-Year Review Concerning the Antidumping Duty Order on Stainless Steel Wire Rod From India,
SCRAP,철·강 스크랩,2011-12-01,ITA_NOTICE,FINAL,DOWN,NEW,A_TRADE_POLICY,Notice of Implementation of Determination Under Section 129 of the Uruguay Round Agreements Act and Revocation of the Antidumping Duty Order on Stainless Steel Plate in Coils From ,
SCRAP,철·강 스크랩,2012-01-04,ITA_NOTICE,FINAL,DOWN,NEW,A_TRADE_POLICY,Certain Cut-To-Length Carbon-Quality Steel Plate From Italy and Japan: Revocation of Antidumping and Countervailing Duty Orders,
SCRAP,철·강 스크랩,2012-07-20,ITC_NOTICE,FINAL,UP,ESCALATION,A_TRADE_POLICY,"Scheduling of an Expedited Five-Year Review Concerning the Antidumping Duty Order on Certain Seamless Carbon and Alloy Steel, Standard, Line, and Pressure Pipe from Germany.",
SCRAP,철·강 스크랩,2012-09-14,ITA_NOTICE,FINAL,UP,NEW,A_TRADE_POLICY,"Certain Small Diameter Seamless Carbon and Alloy Steel Standard, Line, and Pressure Pipe From Germany: Continuation of Antidumping Duty Order",
SCRAP,철·강 스크랩,2013-03-19,ITA_NOTICE,FINAL,DOWN,NEW,A_TRADE_POLICY,Corrosion-Resistant Carbon Steel Flat Products From Germany and the Republic of Korea: Revocation of Antidumping and Countervailing Duty Orders,
SCRAP,철·강 스크랩,2013-09-26,ITC_NOTICE,FINAL,UP,ESCALATION,A_TRADE_POLICY,Scheduling of Expedited Five-Year Reviews Concerning the Countervailing Duty Order and the Antidumping Order on Circular Welded Carbon-Quality Steel Pipe From China,
SCRAP,철·강 스크랩,2013-11-14,ITC_NOTICE,FINAL,UP,ESCALATION,A_TRADE_POLICY,Steel Nails From China; Scheduling of an Expedited Five-Year Review Concerning the Antidumping Duty Order on Steel Nails From China,
SCRAP,철·강 스크랩,2014-01-10,ITC_NOTICE,FINAL,UP,ESCALATION,A_TRADE_POLICY,Steel Wire Garment Hangers From China; Scheduling of an Expedited Five-Year Review Concerning the Antidumping Duty Order on Steel Wire Garment Hangers From China,
SCRAP,철·강 스크랩,2014-07-03,ITA_NOTICE,FINAL,DOWN,NEW,A_TRADE_POLICY,Carbon and Certain Alloy Steel Wire Rod From Ukraine: Revocation of Antidumping Duty Order,
SCRAP,철·강 스크랩,2015-04-23,ITA_NOTICE,FINAL,UP,NEW,A_TRADE_POLICY,"Prestressed Concrete Steel Wire Strand From Brazil, India, Japan, the Republic of Korea, Mexico, and Thailand: Continuation of the Antidumping Duty Finding/Orders and Countervailin",
SCRAP,철·강 스크랩,2015-05-18,ITA_NOTICE,FINAL,UP,NEW,A_TRADE_POLICY,Certain Oil Country Tubular Goods From the People's Republic of China: Continuation of the Antidumping Duty Order and Countervailing Duty Order,
SCRAP,철·강 스크랩,2016-03-16,ITA_NOTICE,FINAL,UP,NEW,A_TRADE_POLICY,Seamless Carbon Alloy Steel Standard Line and Pressure Pipes From the People's Republic of China: Continuation of Antidumping Duty Order and Countervailing Duty Order,
SCRAP,철·강 스크랩,2016-07-25,ITA_NOTICE,FINAL,UP,NEW,A_TRADE_POLICY,"Certain Corrosion-Resistant Steel Products From India, Italy, Republic of Korea and the People's Republic of China: Countervailing Duty Order",
SCRAP,철·강 스크랩,2016-09-20,ITA_NOTICE,FINAL,UP,NEW,A_TRADE_POLICY,"Certain Cold-Rolled Steel Flat Products from Brazil, India, and the Republic of Korea: Amended Final Affirmative Countervailing Duty Determination and Countervailing Duty Order (th",
SCRAP,철·강 스크랩,2017-01-09,ITA_NOTICE,FINAL,UP,NEW,A_TRADE_POLICY,"Stainless Steel Plate in Coils From Belgium, South Africa, and Taiwan: Continuation of Antidumping Duty Orders and Countervailing Duty Order",
SCRAP,철·강 스크랩,2017-10-03,ITA_NOTICE,FINAL,UP,NEW,A_TRADE_POLICY,"Certain Stainless Steel Sheet and Strip in Coils From Japan, the Republic of Korea, and Taiwan; Continuation of Antidumping Duty Orders and Countervailing Duty Order",
SCRAP,철·강 스크랩,2018-03-15,PRESDOC_PROCLAMATION,IMPLEMENTATION,UP,NEW,A_TRADE_POLICY,Adjusting Imports of Steel Into the United States,
SCRAP,철·강 스크랩,2018-03-19,BIS,TERMINATION,DOWN,NEW,A_TRADE_POLICY,Requirements for Submissions Requesting Exclusions From the Remedies Instituted in Presidential Proclamations Adjusting Imports of Steel Into the United States and Adjusting Import,
SCRAP,철·강 스크랩,2018-09-11,BIS,TERMINATION,DOWN,NEW,A_TRADE_POLICY,Submissions of Exclusion Requests and Objections to Submitted Requests for Steel and Aluminum,
SCRAP,철·강 스크랩,2019-02-28,BIS,TERMINATION,DOWN,NEW,A_TRADE_POLICY,Submission for OMB Review; Comment Request; Procedures for Submitting Request for Exclusions From the Section 232 National Security Adjustments of Imports of Steel and Aluminum,
SCRAP,철·강 스크랩,2019-05-10,PRESDOC_EXECUTIVE_ORDER,IMPLEMENTATION,UP,NEW,B_GEO_SUPPLY,"Imposing Sanctions With Respect to the Iron, Steel, Aluminum, and Copper Sectors of Iran",
SCRAP,철·강 스크랩,2019-09-16,ITA_NOTICE,FINAL,UP,NEW,A_TRADE_POLICY,Certain Steel Racks and Parts Thereof From the People's Republic of China: Amended Final Affirmative Antidumping Duty Determination and Antidumping Duty Order; and Countervailing D,
SCRAP,철·강 스크랩,2019-12-06,ITA_NOTICE,FINAL,UP,NEW,A_TRADE_POLICY,Circular Welded Austenitic Stainless Pressure Pipe From the People's Republic of China: Continuation of Antidumping Duty Order and Countervailing Duty Order,
SCRAP,철·강 스크랩,2020-01-29,PRESDOC_PROCLAMATION,IMPLEMENTATION,UP,NEW,A_TRADE_POLICY,Adjusting Imports of Derivative Aluminum Articles and Derivative Steel Articles Into the United States,
SCRAP,철·강 스크랩,2020-05-26,BIS,TERMINATION,DOWN,NEW,A_TRADE_POLICY,Notice of Inquiry Regarding the Exclusion Process for Section 232 Steel and Aluminum Import Tariffs and Quotas,
SCRAP,철·강 스크랩,2020-08-27,ITA_NOTICE,FINAL,UP,NEW,A_TRADE_POLICY,"Carbon and Certain Alloy Steel Wire Rod from Brazil, Indonesia, Mexico, Moldova, and Trinidad and Tobago: Continuation of Antidumping Duty Orders and Countervailing Duty Order",
SCRAP,철·강 스크랩,2020-12-14,BIS,TERMINATION,DOWN,NEW,A_TRADE_POLICY,Section 232 Steel and Aluminum Tariff Exclusions Process,
SCRAP,철·강 스크랩,2021-05-12,ITA_NOTICE,FINAL,UP,NEW,A_TRADE_POLICY,Boltless Steel Shelving Units Prepackaged for Sale From the People's Republic of China: Continuation of Antidumping Duty Order and Countervailing Duty Order,
SCRAP,철·강 스크랩,2021-12-09,BIS,TERMINATION,DOWN,NEW,A_TRADE_POLICY,Removal of Certain General Approved Exclusions (GAEs) Under the Section 232 Steel and Aluminum Tariff Exclusions Process,
SCRAP,철·강 스크랩,2022-08-25,ITA_NOTICE,FINAL,DOWN,NEW,A_TRADE_POLICY,"Cold-Rolled Steel Flat Products From Brazil, China, India, Japan, the Republic of Korea, and the United Kingdom: Continuation of Antidumping Duty Orders (China, Japan, Korea, and U",
SCRAP,철·강 스크랩,2022-12-05,ITA_NOTICE,FINAL,UP,NEW,A_TRADE_POLICY,"Finished Carbon Steel Flanges From India, Italy, and Spain: Continuation of Antidumping Duty Orders and Countervailing Duty Order",
SCRAP,철·강 스크랩,2022-12-22,ITA_NOTICE,FINAL,DOWN,NEW,A_TRADE_POLICY,"Certain Hot-Rolled Steel Flat Products From Australia, Brazil, Japan, the Republic of Korea, the Netherlands, the Republic of Turkey, and the United Kingdom: Continuation of Antidu",
SCRAP,철·강 스크랩,2023-05-26,ITA_NOTICE,FINAL,UP,ESCALATION,A_TRADE_POLICY,Stainless Steel Wire Rod From the Republic of Korea: Final Negative Determination of Circumvention of the Antidumping Duty Order,
SCRAP,철·강 스크랩,2023-08-28,BIS,TERMINATION,DOWN,NEW,A_TRADE_POLICY,Revisions of the Section 232 Steel and Aluminum Tariff Exclusions Process,
SCRAP,철·강 스크랩,2023-10-13,ITA_NOTICE,FINAL,UP,NEW,A_TRADE_POLICY,Steel Wire Garment Hangers From Taiwan and the Socialist Republic of Vietnam: Continuation of Antidumping Duty Orders and Countervailing Duty Order,
SCRAP,철·강 스크랩,2024-01-11,ITA_NOTICE,FINAL,DOWN,NEW,A_TRADE_POLICY,"Certain Welded Carbon Steel Pipes and Tubes From India, Thailand, and the Republic of Turkey; Certain Circular Welded Non-Alloy Steel Pipe From Brazil, Mexico, the Republic of Kore",
SCRAP,철·강 스크랩,2024-05-20,BIS,TERMINATION,DOWN,NEW,A_TRADE_POLICY,Revisions of the Section 232 Steel and Aluminum Tariff Exclusions Process,
SCRAP,철·강 스크랩,2025-06-09,PRESDOC_PROCLAMATION,IMPLEMENTATION,UP,NEW,A_TRADE_POLICY,Adjusting Imports of Aluminum and Steel Into the United States,
SCRAP,철·강 스크랩,2025-06-26,ITA_NOTICE,FINAL,UP,NEW,A_TRADE_POLICY,"Carbon and Alloy Steel Threaded Rod From India, Taiwan, Thailand, and the People's Republic of China: Continuation of Antidumping Duty Orders and Countervailing Duty Order",
SCRAP,철·강 스크랩,2025-07-10,ITA_NOTICE,FINAL,UP,NEW,A_TRADE_POLICY,Steel Propane Cylinders From the People's Republic of China and Thailand: Continuation of Antidumping Duty Orders and Countervailing Duty Order,
