target_month,week,cut_date,baseline_W0,y_true,n_new_events,pep_increment,nep_increment,net_increment,surprise,channels
2021-12,W1,2021-12-07,682.23545,739.064,0,0.0,0.0,0.0,0.0,
2021-12,W2,2021-12-14,682.23545,739.064,0,0.0,0.0,0.0,0.0,
2021-12,W3,2021-12-21,682.23545,739.064,0,0.0,0.0,0.0,0.0,
2021-12,W4,2021-12-31,682.23545,739.064,0,0.0,0.0,0.0,0.0,
2022-01,W1,2022-01-07,743.214207,689.363,0,0.0,0.0,0.0,0.0,
2022-01,W2,2022-01-14,743.214207,689.363,0,0.0,0.0,0.0,0.0,
2022-01,W3,2022-01-21,743.214207,689.363,0,0.0,0.0,0.0,0.0,
2022-01,W4,2022-01-31,743.214207,689.363,0,0.0,0.0,0.0,0.0,
2022-02,W1,2022-02-07,726.528271,687.35,0,0.0,0.0,0.0,0.0,
2022-02,W2,2022-02-14,726.528271,687.35,0,0.0,0.0,0.0,0.0,
2022-02,W3,2022-02-21,726.528271,687.35,0,0.0,0.0,0.0,0.0,
2022-02,W4,2022-02-28,726.528271,687.35,1,0.888889,0.311111,0.577778,0.888889,GEOPOLITICAL_CONFLICT
2022-03,W1,2022-03-07,641.4112,858.642,0,0.0,0.0,0.0,0.0,
2022-03,W2,2022-03-14,641.4112,858.642,1,0.888889,0.0,0.888889,0.888889,ENERGY_SUPPLY
2022-03,W3,2022-03-21,641.4112,858.642,1,0.8,0.355556,0.444444,0.8,TRADE_TARIFF_SANCTION
2022-03,W4,2022-03-31,641.4112,858.642,0,0.0,0.0,0.0,0.0,
2022-04,W1,2022-04-07,565.892883,859.242,0,0.0,0.0,0.0,0.0,
2022-04,W2,2022-04-14,565.892883,859.242,1,0.8,0.355556,0.444444,0.8,TRADE_TARIFF_SANCTION
2022-04,W3,2022-04-21,565.892883,859.242,0,0.0,0.0,0.0,0.0,
2022-04,W4,2022-04-30,565.892883,859.242,0,0.0,0.0,0.0,0.0,
2022-05,W1,2022-05-07,682.921523,756.577,0,0.0,0.0,0.0,0.0,
2022-05,W2,2022-05-14,682.921523,756.577,0,0.0,0.0,0.0,0.0,
2022-05,W3,2022-05-21,682.921523,756.577,0,0.0,0.0,0.0,0.0,
2022-05,W4,2022-05-31,682.921523,756.577,0,0.0,0.0,0.0,0.0,
2022-06,W1,2022-06-07,737.401983,679.742,0,0.0,0.0,0.0,0.0,
2022-06,W2,2022-06-14,737.401983,679.742,0,0.0,0.0,0.0,0.0,
2022-06,W3,2022-06-21,737.401983,679.742,0,0.0,0.0,0.0,0.0,
2022-06,W4,2022-06-30,737.401983,679.742,0,0.0,0.0,0.0,0.0,
2022-07,W1,2022-07-07,777.478019,593.864,0,0.0,0.0,0.0,0.0,
2022-07,W2,2022-07-14,777.478019,593.864,0,0.0,0.0,0.0,0.0,
2022-07,W3,2022-07-21,777.478019,593.864,0,0.0,0.0,0.0,0.0,
2022-07,W4,2022-07-31,777.478019,593.864,0,0.0,0.0,0.0,0.0,
2022-08,W1,2022-08-07,684.395923,546.383,0,0.0,0.0,0.0,0.0,
2022-08,W2,2022-08-14,684.395923,546.383,0,0.0,0.0,0.0,0.0,
2022-08,W3,2022-08-21,684.395923,546.383,0,0.0,0.0,0.0,0.0,
2022-08,W4,2022-08-31,684.395923,546.383,0,0.0,0.0,0.0,0.0,
2022-09,W1,2022-09-07,558.754771,527.719,0,0.0,0.0,0.0,0.0,
2022-09,W2,2022-09-14,558.754771,527.719,0,0.0,0.0,0.0,0.0,
2022-09,W3,2022-09-21,558.754771,527.719,0,0.0,0.0,0.0,0.0,
2022-09,W4,2022-09-30,558.754771,527.719,0,0.0,0.0,0.0,0.0,
2022-10,W1,2022-10-07,497.312736,510.006,0,0.0,0.0,0.0,0.0,
2022-10,W2,2022-10-14,497.312736,510.006,0,0.0,0.0,0.0,0.0,
2022-10,W3,2022-10-21,497.312736,510.006,0,0.0,0.0,0.0,0.0,
2022-10,W4,2022-10-31,497.312736,510.006,0,0.0,0.0,0.0,0.0,
2022-11,W1,2022-11-07,447.5394,493.08,0,0.0,0.0,0.0,0.0,
2022-11,W2,2022-11-14,447.5394,493.08,0,0.0,0.0,0.0,0.0,
2022-11,W3,2022-11-21,447.5394,493.08,0,0.0,0.0,0.0,0.0,
2022-11,W4,2022-11-30,447.5394,493.08,0,0.0,0.0,0.0,0.0,
2022-12,W1,2022-12-07,440.335971,517.66,0,0.0,0.0,0.0,0.0,
2022-12,W2,2022-12-14,440.335971,517.66,0,0.0,0.0,0.0,0.0,
2022-12,W3,2022-12-21,440.335971,517.66,0,0.0,0.0,0.0,0.0,
2022-12,W4,2022-12-31,440.335971,517.66,0,0.0,0.0,0.0,0.0,
2023-01,W1,2023-01-07,456.347031,570.52,0,0.0,0.0,0.0,0.0,
2023-01,W2,2023-01-14,456.347031,570.52,0,0.0,0.0,0.0,0.0,
2023-01,W3,2023-01-21,456.347031,570.52,0,0.0,0.0,0.0,0.0,
2023-01,W4,2023-01-31,456.347031,570.52,0,0.0,0.0,0.0,0.0,
2023-02,W1,2023-02-07,507.978878,606.166,0,0.0,0.0,0.0,0.0,
2023-02,W2,2023-02-14,507.978878,606.166,0,0.0,0.0,0.0,0.0,
2023-02,W3,2023-02-21,507.978878,606.166,0,0.0,0.0,0.0,0.0,
2023-02,W4,2023-02-28,507.978878,606.166,0,0.0,0.0,0.0,0.0,
2023-03,W1,2023-03-07,539.396393,664.4,0,0.0,0.0,0.0,0.0,
2023-03,W2,2023-03-14,539.396393,664.4,0,0.0,0.0,0.0,0.0,
2023-03,W3,2023-03-21,539.396393,664.4,0,0.0,0.0,0.0,0.0,
2023-03,W4,2023-03-31,539.396393,664.4,0,0.0,0.0,0.0,0.0,
2023-04,W1,2023-04-07,568.11194,651.118,0,0.0,0.0,0.0,0.0,
2023-04,W2,2023-04-14,568.11194,651.118,0,0.0,0.0,0.0,0.0,
2023-04,W3,2023-04-21,568.11194,651.118,0,0.0,0.0,0.0,0.0,
2023-04,W4,2023-04-30,568.11194,651.118,0,0.0,0.0,0.0,0.0,
2023-05,W1,2023-05-07,608.579618,617.717,0,0.0,0.0,0.0,0.0,
2023-05,W2,2023-05-14,608.579618,617.717,1,0.0,0.524444,-0.524444,0.524444,PANDEMIC_EMERGENCY
2023-05,W3,2023-05-21,608.579618,617.717,0,0.0,0.0,0.0,0.0,
2023-05,W4,2023-05-31,608.579618,617.717,0,0.0,0.0,0.0,0.0,
2023-06,W1,2023-06-07,606.750695,557.441,0,0.0,0.0,0.0,0.0,
2023-06,W2,2023-06-14,606.750695,557.441,0,0.0,0.0,0.0,0.0,
2023-06,W3,2023-06-21,606.750695,557.441,0,0.0,0.0,0.0,0.0,
2023-06,W4,2023-06-30,606.750695,557.441,0,0.0,0.0,0.0,0.0,
2023-07,W1,2023-07-07,590.123079,539.555,0,0.0,0.0,0.0,0.0,
2023-07,W2,2023-07-14,590.123079,539.555,0,0.0,0.0,0.0,0.0,
2023-07,W3,2023-07-21,590.123079,539.555,0,0.0,0.0,0.0,0.0,
2023-07,W4,2023-07-31,590.123079,539.555,0,0.0,0.0,0.0,0.0,
2023-08,W1,2023-08-07,522.330714,543.896,0,0.0,0.0,0.0,0.0,
2023-08,W2,2023-08-14,522.330714,543.896,0,0.0,0.0,0.0,0.0,
2023-08,W3,2023-08-21,522.330714,543.896,0,0.0,0.0,0.0,0.0,
2023-08,W4,2023-08-31,522.330714,543.896,0,0.0,0.0,0.0,0.0,
2023-09,W1,2023-09-07,507.633369,547.501,0,0.0,0.0,0.0,0.0,
2023-09,W2,2023-09-14,507.633369,547.501,0,0.0,0.0,0.0,0.0,
2023-09,W3,2023-09-21,507.633369,547.501,0,0.0,0.0,0.0,0.0,
2023-09,W4,2023-09-30,507.633369,547.501,0,0.0,0.0,0.0,0.0,
2023-10,W1,2023-10-07,535.806032,534.762,0,0.0,0.0,0.0,0.0,
2023-10,W2,2023-10-14,535.806032,534.762,0,0.0,0.0,0.0,0.0,
2023-10,W3,2023-10-21,535.806032,534.762,0,0.0,0.0,0.0,0.0,
2023-10,W4,2023-10-31,535.806032,534.762,0,0.0,0.0,0.0,0.0,
2023-11,W1,2023-11-07,536.80372,554.973,0,0.0,0.0,0.0,0.0,
2023-11,W2,2023-11-14,536.80372,554.973,0,0.0,0.0,0.0,0.0,
2023-11,W3,2023-11-21,536.80372,554.973,0,0.0,0.0,0.0,0.0,
2023-11,W4,2023-11-30,536.80372,554.973,0,0.0,0.0,0.0,0.0,
2023-12,W1,2023-12-07,528.697872,608.785,0,0.0,0.0,0.0,0.0,
2023-12,W2,2023-12-14,528.697872,608.785,0,0.0,0.0,0.0,0.0,
2023-12,W3,2023-12-21,528.697872,608.785,1,0.755556,0.0,0.755556,0.755556,SHIPPING_LOGISTICS
2023-12,W4,2023-12-31,528.697872,608.785,0,0.0,0.0,0.0,0.0,
2024-01,W1,2024-01-07,575.226088,620.161,0,0.0,0.0,0.0,0.0,
2024-01,W2,2024-01-14,575.226088,620.161,1,0.533333,0.0,0.533333,0.533333,GEOPOLITICAL_CONFLICT
2024-01,W3,2024-01-21,575.226088,620.161,0,0.0,0.0,0.0,0.0,
2024-01,W4,2024-01-31,575.226088,620.161,0,0.0,0.0,0.0,0.0,
2024-02,W1,2024-02-07,611.899644,603.853,0,0.0,0.0,0.0,0.0,
2024-02,W2,2024-02-14,611.899644,603.853,0,0.0,0.0,0.0,0.0,
2024-02,W3,2024-02-21,611.899644,603.853,0,0.0,0.0,0.0,0.0,
2024-02,W4,2024-02-29,611.899644,603.853,0,0.0,0.0,0.0,0.0,
2024-03,W1,2024-03-07,591.654691,556.234,1,0.805556,0.281944,0.523611,0.805556,GEOPOLITICAL_CONFLICT
2024-03,W2,2024-03-14,591.654691,556.234,0,0.0,0.0,0.0,0.0,
2024-03,W3,2024-03-21,591.654691,556.234,0,0.0,0.0,0.0,0.0,
2024-03,W4,2024-03-31,591.654691,556.234,1,0.444444,0.111111,0.333333,0.444444,SHIPPING_LOGISTICS
2024-04,W1,2024-04-07,575.363844,543.767,0,0.0,0.0,0.0,0.0,
2024-04,W2,2024-04-14,575.363844,543.767,1,0.8,0.355556,0.444444,0.8,TRADE_TARIFF_SANCTION
2024-04,W3,2024-04-21,575.363844,543.767,0,0.0,0.0,0.0,0.0,
2024-04,W4,2024-04-30,575.363844,543.767,0,0.0,0.0,0.0,0.0,
2024-05,W1,2024-05-07,532.913547,541.476,0,0.0,0.0,0.0,0.0,
2024-05,W2,2024-05-14,532.913547,541.476,0,0.0,0.0,0.0,0.0,
2024-05,W3,2024-05-21,532.913547,541.476,1,0.622222,0.444444,0.177778,0.622222,TRADE_TARIFF_SANCTION
2024-05,W4,2024-05-31,532.913547,541.476,0,0.0,0.0,0.0,0.0,
2024-06,W1,2024-06-07,540.67363,521.206,0,0.0,0.0,0.0,0.0,
2024-06,W2,2024-06-14,540.67363,521.206,0,0.0,0.0,0.0,0.0,
2024-06,W3,2024-06-21,540.67363,521.206,0,0.0,0.0,0.0,0.0,
2024-06,W4,2024-06-30,540.67363,521.206,0,0.0,0.0,0.0,0.0,
2024-07,W1,2024-07-07,526.907827,522.499,0,0.0,0.0,0.0,0.0,
2024-07,W2,2024-07-14,526.907827,522.499,0,0.0,0.0,0.0,0.0,
2024-07,W3,2024-07-21,526.907827,522.499,0,0.0,0.0,0.0,0.0,
2024-07,W4,2024-07-31,526.907827,522.499,0,0.0,0.0,0.0,0.0,
2024-08,W1,2024-08-07,512.464754,520.709,0,0.0,0.0,0.0,0.0,
2024-08,W2,2024-08-14,512.464754,520.709,0,0.0,0.0,0.0,0.0,
2024-08,W3,2024-08-21,512.464754,520.709,0,0.0,0.0,0.0,0.0,
2024-08,W4,2024-08-31,512.464754,520.709,0,0.0,0.0,0.0,0.0,
2024-09,W1,2024-09-07,532.460188,516.389,0,0.0,0.0,0.0,0.0,
2024-09,W2,2024-09-14,532.460188,516.389,0,0.0,0.0,0.0,0.0,
2024-09,W3,2024-09-21,532.460188,516.389,1,0.622222,0.444444,0.177778,0.622222,TRADE_TARIFF_SANCTION
2024-09,W4,2024-09-30,532.460188,516.389,0,0.0,0.0,0.0,0.0,
2024-10,W1,2024-10-07,527.065407,526.359,0,0.0,0.0,0.0,0.0,
2024-10,W2,2024-10-14,527.065407,526.359,0,0.0,0.0,0.0,0.0,
2024-10,W3,2024-10-21,527.065407,526.359,0,0.0,0.0,0.0,0.0,
2024-10,W4,2024-10-31,527.065407,526.359,0,0.0,0.0,0.0,0.0,
2024-11,W1,2024-11-07,518.459225,527.912,0,0.0,0.0,0.0,0.0,
2024-11,W2,2024-11-14,518.459225,527.912,0,0.0,0.0,0.0,0.0,
2024-11,W3,2024-11-21,518.459225,527.912,0,0.0,0.0,0.0,0.0,
2024-11,W4,2024-11-30,518.459225,527.912,0,0.0,0.0,0.0,0.0,
2024-12,W1,2024-12-07,540.426011,514.749,0,0.0,0.0,0.0,0.0,
2024-12,W2,2024-12-14,540.426011,514.749,0,0.0,0.0,0.0,0.0,
2024-12,W3,2024-12-21,540.426011,514.749,0,0.0,0.0,0.0,0.0,
2024-12,W4,2024-12-31,540.426011,514.749,0,0.0,0.0,0.0,0.0,
2025-01,W1,2025-01-07,531.944405,530.866,0,0.0,0.0,0.0,0.0,
2025-01,W2,2025-01-14,531.944405,530.866,0,0.0,0.0,0.0,0.0,
2025-01,W3,2025-01-21,531.944405,530.866,0,0.0,0.0,0.0,0.0,
2025-01,W4,2025-01-31,531.944405,530.866,0,0.0,0.0,0.0,0.0,
2025-02,W1,2025-02-07,515.787158,574.367,3,0.604444,0.453333,0.151111,0.604444,TRADE_TARIFF_SANCTION
2025-02,W2,2025-02-14,515.787158,574.367,0,0.0,0.0,0.0,0.0,
2025-02,W3,2025-02-21,515.787158,574.367,1,1.0,0.35,0.65,1.0,TRADE_TARIFF_SANCTION
2025-02,W4,2025-02-28,515.787158,574.367,0,0.0,0.0,0.0,0.0,
2025-03,W1,2025-03-07,535.178021,607.858,0,0.0,0.0,0.0,0.0,
2025-03,W2,2025-03-14,535.178021,607.858,0,0.0,0.0,0.0,0.0,
2025-03,W3,2025-03-21,535.178021,607.858,0,0.0,0.0,0.0,0.0,
2025-03,W4,2025-03-31,535.178021,607.858,0,0.0,0.0,0.0,0.0,
2025-04,W1,2025-04-07,570.005333,567.259,1,0.711111,0.533333,0.177778,0.711111,TRADE_TARIFF_SANCTION
2025-04,W2,2025-04-14,570.005333,567.259,0,0.0,0.0,0.0,0.0,
2025-04,W3,2025-04-21,570.005333,567.259,1,0.604444,0.453333,0.151111,0.604444,TRADE_TARIFF_SANCTION
2025-04,W4,2025-04-30,570.005333,567.259,0,0.0,0.0,0.0,0.0,
2025-05,W1,2025-05-07,576.737513,538.243,1,1.0,0.35,0.65,1.0,TRADE_TARIFF_SANCTION
2025-05,W2,2025-05-14,576.737513,538.243,0,0.0,0.0,0.0,0.0,
2025-05,W3,2025-05-21,576.737513,538.243,0,0.0,0.0,0.0,0.0,
2025-05,W4,2025-05-31,576.737513,538.243,0,0.0,0.0,0.0,0.0,
2025-06,W1,2025-06-07,537.590257,530.948,0,0.0,0.0,0.0,0.0,
2025-06,W2,2025-06-14,537.590257,530.948,1,1.0,0.35,0.65,1.0,TRADE_TARIFF_SANCTION
2025-06,W3,2025-06-21,537.590257,530.948,0,0.0,0.0,0.0,0.0,
2025-06,W4,2025-06-30,537.590257,530.948,1,0.622222,0.0,0.622222,0.622222,GEOPOLITICAL_CONFLICT
2025-07,W1,2025-07-07,523.681735,530.174,0,0.0,0.0,0.0,0.0,
2025-07,W2,2025-07-14,523.681735,530.174,0,0.0,0.0,0.0,0.0,
2025-07,W3,2025-07-21,523.681735,530.174,0,0.0,0.0,0.0,0.0,
2025-07,W4,2025-07-31,523.681735,530.174,0,0.0,0.0,0.0,0.0,
2025-08,W1,2025-08-07,516.810113,530.965,0,0.0,0.0,0.0,0.0,
2025-08,W2,2025-08-14,516.810113,530.965,0,0.0,0.0,0.0,0.0,
2025-08,W3,2025-08-21,516.810113,530.965,0,0.0,0.0,0.0,0.0,
2025-08,W4,2025-08-31,516.810113,530.965,0,0.0,0.0,0.0,0.0,
2025-09,W1,2025-09-07,522.728616,527.241,0,0.0,0.0,0.0,0.0,
2025-09,W2,2025-09-14,522.728616,527.241,0,0.0,0.0,0.0,0.0,
2025-09,W3,2025-09-21,522.728616,527.241,0,0.0,0.0,0.0,0.0,
2025-09,W4,2025-09-30,522.728616,527.241,0,0.0,0.0,0.0,0.0,
2025-10,W1,2025-10-07,527.143223,517.244,0,0.0,0.0,0.0,0.0,
2025-10,W2,2025-10-14,527.143223,517.244,0,0.0,0.0,0.0,0.0,
2025-10,W3,2025-10-21,527.143223,517.244,0,0.0,0.0,0.0,0.0,
2025-10,W4,2025-10-31,527.143223,517.244,0,0.0,0.0,0.0,0.0,
2025-11,W1,2025-11-07,523.334805,519.92,0,0.0,0.0,0.0,0.0,
2025-11,W2,2025-11-14,523.334805,519.92,0,0.0,0.0,0.0,0.0,
2025-11,W3,2025-11-21,523.334805,519.92,0,0.0,0.0,0.0,0.0,
2025-11,W4,2025-11-30,523.334805,519.92,0,0.0,0.0,0.0,0.0,
2025-12,W1,2025-12-07,522.695367,532.289,0,0.0,0.0,0.0,0.0,
2025-12,W2,2025-12-14,522.695367,532.289,0,0.0,0.0,0.0,0.0,
2025-12,W3,2025-12-21,522.695367,532.289,0,0.0,0.0,0.0,0.0,
2025-12,W4,2025-12-31,522.695367,532.289,0,0.0,0.0,0.0,0.0,
2026-01,W1,2026-01-07,522.456559,573.649,0,0.0,0.0,0.0,0.0,
2026-01,W2,2026-01-14,522.456559,573.649,0,0.0,0.0,0.0,0.0,
2026-01,W3,2026-01-21,522.456559,573.649,0,0.0,0.0,0.0,0.0,
2026-01,W4,2026-01-31,522.456559,573.649,0,0.0,0.0,0.0,0.0,
