origin_date,target_month,stage,event_feature_1,value_1,beta_1,event_feature_2,value_2,beta_2,direct_event_contribution,prediction_M1,prediction,prediction_events_off,delta_vs_M1,delta_vs_events_off,train_value_min,train_value_max,train_value_std,n_train_rows
2021-11-30,2021-12,M2_V2,PEP,0.222222,2.243514,NEP,0.166667,1.54243,0.75563,717.700461,717.553273,716.797643,-0.147188,0.75563,0.0,0.222222,0.07575,72
2021-11-30,2021-12,M2_V3,PEP_V3,0.477356,-4.073918,NEP_V3,0.346047,1.405644,-1.45829,717.700461,717.201844,718.660135,-0.498617,-1.45829,0.210485,1.0,0.215615,72
2021-12-31,2022-01,M2_V2,PEP,0.222222,2.253289,NEP,0.166667,1.574809,0.763199,789.077134,788.88149,788.118291,-0.195644,0.763199,0.0,0.222222,0.076338,73
2021-12-31,2022-01,M2_V3,PEP_V3,0.470724,-4.006211,NEP_V3,0.340052,1.757857,-1.288057,789.077134,788.313492,789.601549,-0.763641,-1.288057,0.210485,1.0,0.214631,73
2022-01-31,2022-02,M2_V2,PEP,0.222222,2.328029,NEP,0.166667,1.641429,0.790911,757.414232,757.251984,756.461073,-0.162248,0.790911,0.0,0.222222,0.076876,74
2022-01-31,2022-02,M2_V3,PEP_V3,0.464881,-3.991361,NEP_V3,0.334713,1.8031,-1.251987,757.414232,757.312306,758.564293,-0.101927,-1.251987,0.210485,1.0,0.213716,74
2022-02-28,2022-03,M2_V2,PEP,0.388889,2.674391,NEP,0.222222,1.993775,1.483102,636.677663,637.136723,635.653621,0.45906,1.483102,0.0,0.222222,0.077369,75
2022-02-28,2022-03,M2_V3,PEP_V3,0.939971,-4.993681,NEP_V3,0.538416,1.748049,-3.752737,636.677663,634.756967,638.509704,-1.920696,-3.752737,0.210485,1.0,0.212864,75
2022-03-31,2022-04,M2_V2,PEP,0.5,2.862854,NEP,0.222222,2.155228,1.910366,521.49815,522.574523,520.664156,1.076373,1.910366,0.0,0.222222,0.077819,76
2022-03-31,2022-04,M2_V3,PEP_V3,0.996568,-4.706105,NEP_V3,0.652471,1.910621,-3.443329,521.49815,519.705581,523.14891,-1.792569,-3.443329,0.210485,1.0,0.212066,76
2022-04-30,2022-05,M2_V2,PEP,0.5,1.457678,NEP,0.222222,1.041366,0.960253,655.789698,656.251383,655.29113,0.461685,0.960253,0.0,0.388889,0.083286,77
2022-04-30,2022-05,M2_V3,PEP_V3,0.99144,0.367091,NEP_V3,0.634568,0.84474,0.899994,655.789698,656.106341,655.206348,0.316644,0.899994,0.210485,1.0,0.214098,77
2022-05-31,2022-06,M2_V2,PEP,0.5,2.05785,NEP,0.222222,1.23922,1.304307,729.104334,729.545171,728.240864,0.440836,1.304307,0.0,0.5,0.093236,78
2022-05-31,2022-06,M2_V3,PEP_V3,0.977606,1.212112,NEP_V3,0.592537,1.458765,2.04934,729.104334,729.657345,727.608005,0.55301,2.04934,0.210485,1.0,0.217176,78
2022-06-30,2022-07,M2_V2,PEP,0.5,8.176184,NEP,0.222222,3.716191,4.913911,785.845541,786.634386,781.720475,0.788845,4.913911,0.0,0.5,0.101775,79
2022-06-30,2022-07,M2_V3,PEP_V3,0.957998,4.919444,NEP_V3,0.555306,8.108228,9.215365,785.845541,787.54596,778.330595,1.700419,9.215365,0.210485,1.0,0.219913,79
2022-07-31,2022-08,M2_V2,PEP,0.5,2.145254,NEP,0.222222,1.31477,1.364798,692.268567,692.613443,691.248645,0.344876,1.364798,0.0,0.5,0.109258,80
2022-07-31,2022-08,M2_V3,PEP_V3,0.935231,1.233223,NEP_V3,0.524797,1.464009,1.921656,692.268567,692.772372,690.850716,0.503806,1.921656,0.210485,1.0,0.222164,80
2022-08-31,2022-09,M2_V2,PEP,0.5,6.85176,NEP,0.222222,4.483076,4.422118,542.404978,543.080334,538.658216,0.675355,4.422118,0.0,0.5,0.115911,81
2022-08-31,2022-09,M2_V3,PEP_V3,0.911365,3.750237,NEP_V3,0.500279,6.961372,6.900463,542.404978,544.711672,537.811209,2.306694,6.900463,0.210485,1.0,0.223877,81
2022-09-30,2022-10,M2_V2,PEP,0.5,38.458068,NEP,0.222222,28.589916,25.582342,431.063284,431.763937,406.181594,0.700653,25.582342,0.0,0.5,0.121888,82
2022-09-30,2022-10,M2_V3,PEP_V3,0.886142,1.044443,NEP_V3,0.478364,16.906848,9.013152,431.063284,432.913024,423.899872,1.84974,9.013152,0.210485,1.0,0.225069,82
2022-10-31,2022-11,M2_V2,PEP,0.5,6.434416,NEP,0.222222,4.676525,4.256435,431.632393,431.706389,427.449954,0.073996,4.256435,0.0,0.5,0.127302,83
2022-10-31,2022-11,M2_V3,PEP_V3,0.860421,2.336495,NEP_V3,0.458837,6.620957,5.048309,431.632393,431.329123,426.280814,-0.30327,5.048309,0.210485,1.0,0.225793,83
2022-11-30,2022-12,M2_V2,PEP,0.5,6.283608,NEP,0.222222,4.736267,4.194307,456.511374,457.181152,452.986845,0.669777,4.194307,0.0,0.5,0.132235,84
2022-11-30,2022-12,M2_V3,PEP_V3,0.834885,1.800833,NEP_V3,0.441479,6.648738,4.438767,456.511374,456.622881,452.184114,0.111507,4.438767,0.210485,1.0,0.226099,84
2022-12-31,2023-01,M2_V2,PEP,0.5,1.877449,NEP,0.222222,1.357726,1.240441,497.003088,497.483637,496.243196,0.480549,1.240441,0.0,0.5,0.136754,85
2022-12-31,2023-01,M2_V3,PEP_V3,0.810052,0.703492,NEP_V3,0.426081,1.245766,1.100662,497.003088,497.041789,495.941127,0.038701,1.100662,0.210485,1.0,0.226043,85
2023-01-31,2023-02,M2_V2,PEP,0.5,1.915345,NEP,0.222222,1.372454,1.262662,522.518167,523.001213,521.738551,0.483046,1.262662,0.0,0.5,0.140912,86
2023-01-31,2023-02,M2_V3,PEP_V3,0.786291,0.706874,NEP_V3,0.412442,1.234482,1.064961,522.518167,522.523464,521.458503,0.005297,1.064961,0.210485,1.0,0.225686,86
2023-02-28,2023-03,M2_V2,PEP,0.5,2.049661,NEP,0.222222,1.41758,1.339848,543.51403,543.878251,542.538403,0.364221,1.339848,0.0,0.5,0.144749,87
2023-02-28,2023-03,M2_V3,PEP_V3,0.763851,0.741368,NEP_V3,0.400378,1.190151,1.042805,543.51403,543.372527,542.329722,-0.141504,1.042805,0.210485,1.0,0.225087,87
2023-03-31,2023-04,M2_V2,PEP,0.5,2.202582,NEP,0.222222,1.460745,1.425901,580.038375,580.314684,578.888783,0.276309,1.425901,0.0,0.5,0.148302,88
2023-03-31,2023-04,M2_V3,PEP_V3,0.742878,0.78888,NEP_V3,0.389716,1.106417,1.01723,580.038375,579.839429,578.822199,-0.198946,1.01723,0.210485,1.0,0.224299,88
2023-04-30,2023-05,M2_V2,PEP,0.5,2.294984,NEP,0.222222,1.482693,1.476979,615.126179,615.386939,613.90996,0.26076,1.476979,0.0,0.5,0.1516,89
2023-04-30,2023-05,M2_V3,PEP_V3,0.723446,0.790907,NEP_V3,0.380301,1.014544,0.958011,615.126179,614.934056,613.976045,-0.192123,0.958011,0.210485,1.0,0.223369,89
2023-05-31,2023-06,M2_V2,PEP,0.5,2.384187,NEP,0.222222,1.501735,1.525812,613.579746,613.872865,612.347053,0.293119,1.525812,0.0,0.5,0.154668,90
2023-05-31,2023-06,M2_V3,PEP_V3,0.705567,0.785978,NEP_V3,0.657338,0.931641,1.166963,613.579746,613.704908,612.537945,0.125162,1.166963,0.210485,1.0,0.222338,90
2023-06-30,2023-07,M2_V2,PEP,0.388889,8.728825,NEP,0.222222,5.305145,4.573464,605.15551,604.835981,600.262518,-0.319529,4.573464,0.0,0.5,0.157528,91
2023-06-30,2023-07,M2_V3,PEP_V3,0.643792,3.847495,NEP_V3,0.271806,5.69541,4.025033,605.15551,603.974312,599.949279,-1.181198,4.025033,0.210485,1.0,0.221239,91
2023-07-31,2023-08,M2_V2,PEP,0.388889,2.291833,NEP,0.222222,1.485673,1.221418,553.08522,553.18212,551.960702,0.096901,1.221418,0.0,0.5,0.160197,92
2023-07-31,2023-08,M2_V3,PEP_V3,0.627081,0.819294,NEP_V3,0.265086,0.817262,0.730408,553.08522,552.87642,552.146012,-0.2088,0.730408,0.210485,1.0,0.220098,92
2023-08-31,2023-09,M2_V2,PEP,0.388889,2.277326,NEP,0.111111,1.465352,1.048444,519.792922,519.722865,518.674421,-0.070058,1.048444,0.0,0.5,0.160757,93
2023-08-31,2023-09,M2_V3,PEP_V3,0.611953,4.353357,NEP_V3,0.259176,5.274089,4.030967,519.792922,483.712236,479.681268,-36.080687,4.030967,0.210485,1.0,0.218899,93
2023-09-30,2023-10,M2_V2,PEP,0.388889,2.295422,NEP,0.111111,1.474664,1.056516,541.82792,541.788571,540.732055,-0.039349,1.056516,0.0,0.5,0.161273,94
2023-09-30,2023-10,M2_V3,PEP_V3,0.598302,0.864542,NEP_V3,0.253978,0.914598,0.749545,541.82792,541.551407,540.801862,-0.276512,0.749545,0.210485,1.0,0.217732,94
2023-10-31,2023-11,M2_V2,PEP,0.388889,2.316424,NEP,0.111111,1.459574,1.063007,548.589293,548.59878,547.535773,0.009487,1.063007,0.0,0.5,0.161748,95
2023-10-31,2023-11,M2_V3,PEP_V3,0.588387,0.852383,NEP_V3,0.250975,0.93366,0.735856,548.589293,548.350617,547.61476,-0.238676,0.735856,0.210485,1.0,0.216605,95
2023-11-30,2023-12,M2_V2,PEP,0.388889,2.311917,NEP,0.111111,1.458689,1.061155,546.690574,546.761812,545.700656,0.071238,1.061155,0.0,0.5,0.162184,96
2023-11-30,2023-12,M2_V3,PEP_V3,0.58169,0.855592,NEP_V3,0.249976,0.935206,0.731468,546.690574,546.470103,545.738635,-0.220471,0.731468,0.210485,1.0,0.215525,96
2023-12-31,2024-01,M2_V2,PEP,0.5,2.313852,NEP,0.111111,1.445158,1.317499,578.635541,578.986388,577.668889,0.350847,1.317499,0.0,0.5,0.162584,97
2023-12-31,2024-01,M2_V3,PEP_V3,0.896302,0.831857,NEP_V3,0.249136,0.902405,0.970417,578.635541,578.731906,577.761489,0.096364,0.970417,0.210485,1.0,0.214487,97
2024-01-31,2024-02,M2_V2,PEP,0.5,2.343641,NEP,0.111111,1.412956,1.328815,605.624509,605.90088,604.572065,0.276372,1.328815,0.0,0.5,0.162949,98
2024-01-31,2024-02,M2_V3,PEP_V3,0.904699,0.769955,NEP_V3,0.248429,0.812575,0.898445,605.624509,605.681339,604.782894,0.05683,0.898445,0.210485,1.0,0.213484,98
2024-02-29,2024-03,M2_V2,PEP,0.5,2.398188,NEP,0.111111,1.39211,1.353773,603.985374,604.152839,602.799066,0.167465,1.353773,0.0,0.5,0.164988,99
2024-02-29,2024-03,M2_V3,PEP_V3,0.858105,0.855436,NEP_V3,0.247835,0.757171,0.921707,603.985374,604.003702,603.081995,0.018328,0.921707,0.210485,1.0,0.21386,99
2024-03-31,2024-04,M2_V2,PEP,0.5,2.352647,NEP,0.111111,1.40466,1.332397,586.790836,586.998915,585.666519,0.20808,1.332397,0.0,0.5,0.166906,100
2024-03-31,2024-04,M2_V3,PEP_V3,0.941783,0.791342,NEP_V3,0.485928,0.798808,1.133436,586.790836,587.034529,585.901093,0.243693,1.133436,0.210485,1.0,0.214296,100
2024-04-30,2024-05,M2_V2,PEP,0.555556,2.329907,NEP,0.111111,1.436593,1.454015,547.48088,547.836039,546.382023,0.355158,1.454015,0.0,0.5,0.168711,101
2024-04-30,2024-05,M2_V3,PEP_V3,0.974931,0.788553,NEP_V3,0.61149,0.871359,1.301612,547.48088,547.861195,546.559582,0.380314,1.301612,0.210485,1.0,0.214201,101
2024-05-31,2024-06,M2_V2,PEP,0.555556,2.276509,NEP,0.111111,1.464067,1.427402,551.666168,552.012244,550.584841,0.346075,1.427402,0.0,0.5,0.170412,102
2024-05-31,2024-06,M2_V3,PEP_V3,0.946971,0.692445,NEP_V3,0.646513,0.835797,1.196079,551.666168,552.034693,550.838614,0.368525,1.196079,0.210485,1.0,0.215027,102
2024-06-30,2024-07,M2_V2,PEP,0.555556,2.257998,NEP,0.111111,1.464115,1.417123,535.167209,535.552675,534.135552,0.385466,1.417123,0.0,0.555556,0.173018,103
2024-06-30,2024-07,M2_V3,PEP_V3,0.913635,0.673923,NEP_V3,0.592854,0.806404,1.093799,535.167209,535.450015,534.356215,0.282805,1.093799,0.210485,1.0,0.216247,103
2024-07-31,2024-08,M2_V2,PEP,0.555556,2.192697,NEP,0.111111,1.472785,1.381809,520.691317,521.089157,519.707348,0.39784,1.381809,0.0,0.555556,0.175472,104
2024-07-31,2024-08,M2_V3,PEP_V3,0.860977,0.597374,NEP_V3,0.507264,0.709617,0.874288,520.691317,520.859192,519.984904,0.167875,0.874288,0.210485,1.0,0.217021,104
2024-08-31,2024-09,M2_V2,PEP,0.555556,2.192175,NEP,0.111111,1.46376,1.380516,534.012594,534.335285,532.954769,0.32269,1.380516,0.0,0.555556,0.177785,105
2024-08-31,2024-09,M2_V3,PEP_V3,0.819544,0.600354,NEP_V3,0.4649,0.713498,0.823721,534.012594,534.102879,533.279158,0.090285,0.823721,0.210485,1.0,0.217353,105
2024-09-30,2024-10,M2_V2,PEP,0.555556,2.214702,NEP,0.111111,1.453262,1.391864,525.730942,526.121014,524.729149,0.390072,1.391864,0.0,0.555556,0.179967,106
2024-09-30,2024-10,M2_V3,PEP_V3,0.854231,0.612498,NEP_V3,0.566797,0.72146,0.932137,525.730942,525.940719,525.008583,0.209777,0.932137,0.210485,1.0,0.217147,106
2024-10-31,2024-11,M2_V2,PEP,0.555556,2.154857,NEP,0.111111,1.456476,1.358974,537.161219,537.503769,536.144795,0.34255,1.358974,0.0,0.555556,0.182028,107
2024-10-31,2024-11,M2_V3,PEP_V3,0.81735,0.572113,NEP_V3,0.527128,0.679239,0.825663,537.161219,537.317253,536.49159,0.156034,0.825663,0.210485,1.0,0.21662,107
2024-11-30,2024-12,M2_V2,PEP,0.555556,2.174956,NEP,0.111111,1.449001,1.36931,554.088339,554.431571,553.062261,0.343232,1.36931,0.0,0.555556,0.183976,108
2024-11-30,2024-12,M2_V3,PEP_V3,0.78177,0.588783,NEP_V3,0.49131,0.702333,0.805357,554.088339,554.186737,553.381381,0.098398,0.805357,0.210485,1.0,0.216342,108
2024-12-31,2025-01,M2_V2,PEP,0.555556,2.156442,NEP,0.111111,1.443139,1.358373,547.774968,548.161448,546.803075,0.38648,1.358373,0.0,0.555556,0.185817,109
2024-12-31,2025-01,M2_V3,PEP_V3,0.714453,0.578325,NEP_V3,0.459097,0.688932,0.729472,547.774968,547.814423,547.08495,0.039455,0.729472,0.210485,1.0,0.215796,109
2025-01-31,2025-02,M2_V2,PEP,0.555556,2.078216,NEP,0.111111,1.444766,1.315095,534.808024,535.207402,533.892308,0.399379,1.315095,0.0,0.555556,0.187559,110
2025-01-31,2025-02,M2_V3,PEP_V3,0.682182,0.543733,NEP_V3,0.430217,0.64358,0.647804,534.808024,534.821137,534.173334,0.013114,0.647804,0.210485,1.0,0.215059,110
2025-02-28,2025-03,M2_V2,PEP,0.555556,2.062532,NEP,0.111111,1.439178,1.30576,541.888476,542.215997,540.910237,0.327521,1.30576,0.0,0.555556,0.189209,111
2025-02-28,2025-03,M2_V3,PEP_V3,1.0,0.536838,NEP_V3,0.548601,0.63583,0.885655,541.888476,542.122788,541.237133,0.234312,0.885655,0.210485,1.0,0.214116,111
2025-03-31,2025-04,M2_V2,PEP,0.555556,2.168975,NEP,0.111111,1.425922,1.363422,562.065256,562.373616,561.010194,0.308361,1.363422,0.0,0.555556,0.190771,112
2025-03-31,2025-04,M2_V3,PEP_V3,0.926544,0.518463,NEP_V3,0.477268,0.655252,0.793109,562.065256,562.176643,561.383534,0.111387,0.793109,0.210485,1.0,0.213151,112
2025-04-30,2025-05,M2_V2,PEP,0.555556,2.202546,NEP,0.111111,1.415508,1.380916,569.326072,569.695432,568.314516,0.36936,1.380916,0.0,0.555556,0.192251,113
2025-04-30,2025-05,M2_V3,PEP_V3,0.864541,0.697006,NEP_V3,0.613278,0.714939,1.041047,569.326072,569.531399,568.490352,0.205327,1.041047,0.210485,1.0,0.21441,113
2025-05-31,2025-06,M2_V2,PEP,0.555556,0.889882,NEP,0.111111,0.457939,0.545261,536.28158,536.507418,535.962156,0.225838,0.545261,0.0,0.555556,0.193654,114
2025-05-31,2025-06,M2_V3,PEP_V3,1.0,0.337233,NEP_V3,0.556997,0.169363,0.431568,536.28158,536.405318,535.97375,0.123738,0.431568,0.210485,1.0,0.214743,114
2025-06-30,2025-07,M2_V2,PEP,0.555556,0.88062,NEP,0.111111,0.457187,0.540032,528.555408,528.781595,528.241563,0.226188,0.540032,0.0,0.555556,0.194984,115
2025-06-30,2025-07,M2_V3,PEP_V3,1.0,0.331998,NEP_V3,0.509665,0.163849,0.415506,528.555408,528.670996,528.25549,0.115589,0.415506,0.210485,1.0,0.214502,115
2025-07-31,2025-08,M2_V2,PEP,0.555556,0.874103,NEP,0.111111,0.456533,0.536339,523.969168,524.186929,523.65059,0.217761,0.536339,0.0,0.555556,0.196245,116
2025-07-31,2025-08,M2_V3,PEP_V3,0.958908,0.325245,NEP_V3,0.469861,0.161184,0.387613,523.969168,524.060896,523.673282,0.091728,0.387613,0.210485,1.0,0.215623,116
2025-08-31,2025-09,M2_V2,PEP,0.555556,0.883198,NEP,0.111111,0.455489,0.541276,526.899409,527.111475,526.570199,0.212065,0.541276,0.0,0.555556,0.197442,117
2025-08-31,2025-09,M2_V3,PEP_V3,0.913247,0.332947,NEP_V3,0.436387,0.167358,0.377096,526.899409,526.96828,526.591184,0.068871,0.377096,0.210485,1.0,0.216685,117
2025-09-30,2025-10,M2_V2,PEP,0.555556,2.040522,NEP,0.111111,1.409682,1.290255,533.996361,534.220198,532.929943,0.223838,1.290255,0.0,0.555556,0.198577,118
2025-09-30,2025-10,M2_V3,PEP_V3,0.866969,0.559997,NEP_V3,0.408237,0.605969,0.732879,533.996361,534.038636,533.305757,0.042275,0.732879,0.210485,1.0,0.217219,118
2025-10-31,2025-11,M2_V2,PEP,0.555556,0.858973,NEP,0.111111,0.450935,0.527311,527.688137,527.88684,527.359529,0.198703,0.527311,0.0,0.555556,0.198017,117
2025-10-31,2025-11,M2_V3,PEP_V3,0.822461,0.304456,NEP_V3,0.384564,0.101071,0.289272,527.688137,527.71663,527.427359,0.028494,0.289272,0.210485,1.0,0.217679,117
2025-11-30,2025-12,M2_V2,PEP,0.555556,0.854699,NEP,0.111111,0.447314,0.524535,528.054597,528.26086,527.736326,0.206263,0.524535,0.0,0.555556,0.199083,118
2025-11-30,2025-12,M2_V3,PEP_V3,0.781064,0.29494,NEP_V3,0.364657,0.097183,0.265806,528.054597,528.069265,527.803459,0.014668,0.265806,0.210485,1.0,0.217726,118
2025-12-31,2026-01,M2_V2,PEP,0.555556,0.826914,NEP,0.111111,0.44394,0.508724,529.022216,529.221869,528.713145,0.199653,0.508724,0.0,0.555556,0.198476,117
2025-12-31,2026-01,M2_V3,PEP_V3,0.743436,0.320536,NEP_V3,0.347917,0.038612,0.251732,529.022216,529.028719,528.776987,0.006503,0.251732,0.210485,1.0,0.218579,117
