month,info_month,category,category_label,up,down,active_episode_count,episode_ids
2013-01,2012-12,GEOPOLITICAL_CONFLICT,지정학 분쟁,0.0,0.0,0,
2013-01,2012-12,TRADE_TARIFF_SANCTION,무역/관세/제재,0.0,0.0,0,
2013-01,2012-12,TRADE_REMEDY_ADCVD,무역구제(반덤핑·상계관세),0.0,0.0,0,
2013-01,2012-12,ENERGY_SUPPLY,에너지 공급,0.0,0.0,0,
2013-01,2012-12,SHIPPING_LOGISTICS,해상운송/물류,0.0,0.0,0,
2013-01,2012-12,PANDEMIC_EMERGENCY,팬데믹/비상사태,0.0,0.0,0,
2013-01,2012-12,INDUSTRIAL_SUPPLY_DEMAND,산업 수급,0.0,0.0,0,
2013-02,2013-01,GEOPOLITICAL_CONFLICT,지정학 분쟁,0.0,0.0,0,
2013-02,2013-01,TRADE_TARIFF_SANCTION,무역/관세/제재,0.0,0.0,0,
2013-02,2013-01,TRADE_REMEDY_ADCVD,무역구제(반덤핑·상계관세),0.0,0.0,0,
2013-02,2013-01,ENERGY_SUPPLY,에너지 공급,0.0,0.0,0,
2013-02,2013-01,SHIPPING_LOGISTICS,해상운송/물류,0.0,0.0,0,
2013-02,2013-01,PANDEMIC_EMERGENCY,팬데믹/비상사태,0.0,0.0,0,
2013-02,2013-01,INDUSTRIAL_SUPPLY_DEMAND,산업 수급,0.0,0.0,0,
2013-03,2013-02,GEOPOLITICAL_CONFLICT,지정학 분쟁,0.0,0.0,0,
2013-03,2013-02,TRADE_TARIFF_SANCTION,무역/관세/제재,0.0,0.0,0,
2013-03,2013-02,TRADE_REMEDY_ADCVD,무역구제(반덤핑·상계관세),0.0,0.0,0,
2013-03,2013-02,ENERGY_SUPPLY,에너지 공급,0.0,0.0,0,
2013-03,2013-02,SHIPPING_LOGISTICS,해상운송/물류,0.0,0.0,0,
2013-03,2013-02,PANDEMIC_EMERGENCY,팬데믹/비상사태,0.0,0.0,0,
2013-03,2013-02,INDUSTRIAL_SUPPLY_DEMAND,산업 수급,0.0,0.0,0,
2013-04,2013-03,GEOPOLITICAL_CONFLICT,지정학 분쟁,0.0,0.0,0,
2013-04,2013-03,TRADE_TARIFF_SANCTION,무역/관세/제재,0.0,0.0,0,
2013-04,2013-03,TRADE_REMEDY_ADCVD,무역구제(반덤핑·상계관세),0.0,0.0,0,
2013-04,2013-03,ENERGY_SUPPLY,에너지 공급,0.0,0.0,0,
2013-04,2013-03,SHIPPING_LOGISTICS,해상운송/물류,0.0,0.0,0,
2013-04,2013-03,PANDEMIC_EMERGENCY,팬데믹/비상사태,0.0,0.0,0,
2013-04,2013-03,INDUSTRIAL_SUPPLY_DEMAND,산업 수급,0.0,0.0,0,
2013-05,2013-04,GEOPOLITICAL_CONFLICT,지정학 분쟁,0.0,0.0,0,
2013-05,2013-04,TRADE_TARIFF_SANCTION,무역/관세/제재,0.0,0.0,0,
2013-05,2013-04,TRADE_REMEDY_ADCVD,무역구제(반덤핑·상계관세),0.0,0.0,0,
2013-05,2013-04,ENERGY_SUPPLY,에너지 공급,0.0,0.0,0,
2013-05,2013-04,SHIPPING_LOGISTICS,해상운송/물류,0.0,0.0,0,
2013-05,2013-04,PANDEMIC_EMERGENCY,팬데믹/비상사태,0.0,0.0,0,
2013-05,2013-04,INDUSTRIAL_SUPPLY_DEMAND,산업 수급,0.0,0.0,0,
2013-06,2013-05,GEOPOLITICAL_CONFLICT,지정학 분쟁,0.0,0.0,0,
2013-06,2013-05,TRADE_TARIFF_SANCTION,무역/관세/제재,0.0,0.0,0,
2013-06,2013-05,TRADE_REMEDY_ADCVD,무역구제(반덤핑·상계관세),0.0,0.0,0,
2013-06,2013-05,ENERGY_SUPPLY,에너지 공급,0.0,0.0,0,
2013-06,2013-05,SHIPPING_LOGISTICS,해상운송/물류,0.0,0.0,0,
2013-06,2013-05,PANDEMIC_EMERGENCY,팬데믹/비상사태,0.0,0.0,0,
2013-06,2013-05,INDUSTRIAL_SUPPLY_DEMAND,산업 수급,0.0,0.0,0,
2013-07,2013-06,GEOPOLITICAL_CONFLICT,지정학 분쟁,0.0,0.0,0,
2013-07,2013-06,TRADE_TARIFF_SANCTION,무역/관세/제재,0.0,0.0,0,
2013-07,2013-06,TRADE_REMEDY_ADCVD,무역구제(반덤핑·상계관세),0.0,0.0,0,
2013-07,2013-06,ENERGY_SUPPLY,에너지 공급,0.0,0.0,0,
2013-07,2013-06,SHIPPING_LOGISTICS,해상운송/물류,0.0,0.0,0,
2013-07,2013-06,PANDEMIC_EMERGENCY,팬데믹/비상사태,0.0,0.0,0,
2013-07,2013-06,INDUSTRIAL_SUPPLY_DEMAND,산업 수급,0.0,0.0,0,
2013-08,2013-07,GEOPOLITICAL_CONFLICT,지정학 분쟁,0.0,0.0,0,
2013-08,2013-07,TRADE_TARIFF_SANCTION,무역/관세/제재,0.0,0.0,0,
2013-08,2013-07,TRADE_REMEDY_ADCVD,무역구제(반덤핑·상계관세),0.0,0.0,0,
2013-08,2013-07,ENERGY_SUPPLY,에너지 공급,0.0,0.0,0,
2013-08,2013-07,SHIPPING_LOGISTICS,해상운송/물류,0.0,0.0,0,
2013-08,2013-07,PANDEMIC_EMERGENCY,팬데믹/비상사태,0.0,0.0,0,
2013-08,2013-07,INDUSTRIAL_SUPPLY_DEMAND,산업 수급,0.0,0.0,0,
2013-09,2013-08,GEOPOLITICAL_CONFLICT,지정학 분쟁,0.0,0.0,0,
2013-09,2013-08,TRADE_TARIFF_SANCTION,무역/관세/제재,0.0,0.0,0,
2013-09,2013-08,TRADE_REMEDY_ADCVD,무역구제(반덤핑·상계관세),0.0,0.0,0,
2013-09,2013-08,ENERGY_SUPPLY,에너지 공급,0.0,0.0,0,
2013-09,2013-08,SHIPPING_LOGISTICS,해상운송/물류,0.0,0.0,0,
2013-09,2013-08,PANDEMIC_EMERGENCY,팬데믹/비상사태,0.0,0.0,0,
2013-09,2013-08,INDUSTRIAL_SUPPLY_DEMAND,산업 수급,0.0,0.0,0,
2013-10,2013-09,GEOPOLITICAL_CONFLICT,지정학 분쟁,0.0,0.0,0,
2013-10,2013-09,TRADE_TARIFF_SANCTION,무역/관세/제재,0.0,0.0,0,
2013-10,2013-09,TRADE_REMEDY_ADCVD,무역구제(반덤핑·상계관세),0.0,0.0,0,
2013-10,2013-09,ENERGY_SUPPLY,에너지 공급,0.0,0.0,0,
2013-10,2013-09,SHIPPING_LOGISTICS,해상운송/물류,0.0,0.0,0,
2013-10,2013-09,PANDEMIC_EMERGENCY,팬데믹/비상사태,0.0,0.0,0,
2013-10,2013-09,INDUSTRIAL_SUPPLY_DEMAND,산업 수급,0.0,0.0,0,
2013-11,2013-10,GEOPOLITICAL_CONFLICT,지정학 분쟁,0.0,0.0,0,
2013-11,2013-10,TRADE_TARIFF_SANCTION,무역/관세/제재,0.0,0.0,0,
2013-11,2013-10,TRADE_REMEDY_ADCVD,무역구제(반덤핑·상계관세),0.0,0.0,0,
2013-11,2013-10,ENERGY_SUPPLY,에너지 공급,0.0,0.0,0,
2013-11,2013-10,SHIPPING_LOGISTICS,해상운송/물류,0.0,0.0,0,
2013-11,2013-10,PANDEMIC_EMERGENCY,팬데믹/비상사태,0.0,0.0,0,
2013-11,2013-10,INDUSTRIAL_SUPPLY_DEMAND,산업 수급,0.0,0.0,0,
2013-12,2013-11,GEOPOLITICAL_CONFLICT,지정학 분쟁,0.0,0.0,0,
2013-12,2013-11,TRADE_TARIFF_SANCTION,무역/관세/제재,0.0,0.0,0,
2013-12,2013-11,TRADE_REMEDY_ADCVD,무역구제(반덤핑·상계관세),0.0,0.0,0,
2013-12,2013-11,ENERGY_SUPPLY,에너지 공급,0.0,0.0,0,
2013-12,2013-11,SHIPPING_LOGISTICS,해상운송/물류,0.0,0.0,0,
2013-12,2013-11,PANDEMIC_EMERGENCY,팬데믹/비상사태,0.0,0.0,0,
2013-12,2013-11,INDUSTRIAL_SUPPLY_DEMAND,산업 수급,0.0,0.0,0,
2014-01,2013-12,GEOPOLITICAL_CONFLICT,지정학 분쟁,0.0,0.0,0,
2014-01,2013-12,TRADE_TARIFF_SANCTION,무역/관세/제재,0.0,0.0,0,
2014-01,2013-12,TRADE_REMEDY_ADCVD,무역구제(반덤핑·상계관세),0.0,0.0,0,
2014-01,2013-12,ENERGY_SUPPLY,에너지 공급,0.0,0.0,0,
2014-01,2013-12,SHIPPING_LOGISTICS,해상운송/물류,0.0,0.0,0,
2014-01,2013-12,PANDEMIC_EMERGENCY,팬데믹/비상사태,0.0,0.0,0,
2014-01,2013-12,INDUSTRIAL_SUPPLY_DEMAND,산업 수급,0.0,0.0,0,
2014-02,2014-01,GEOPOLITICAL_CONFLICT,지정학 분쟁,0.0,0.0,0,
2014-02,2014-01,TRADE_TARIFF_SANCTION,무역/관세/제재,0.0,0.0,0,
2014-02,2014-01,TRADE_REMEDY_ADCVD,무역구제(반덤핑·상계관세),0.0,0.0,0,
2014-02,2014-01,ENERGY_SUPPLY,에너지 공급,0.0,0.0,0,
2014-02,2014-01,SHIPPING_LOGISTICS,해상운송/물류,0.0,0.0,0,
2014-02,2014-01,PANDEMIC_EMERGENCY,팬데믹/비상사태,0.0,0.0,0,
2014-02,2014-01,INDUSTRIAL_SUPPLY_DEMAND,산업 수급,0.0,0.0,0,
2014-03,2014-02,GEOPOLITICAL_CONFLICT,지정학 분쟁,0.0,0.0,0,
2014-03,2014-02,TRADE_TARIFF_SANCTION,무역/관세/제재,0.0,0.0,0,
2014-03,2014-02,TRADE_REMEDY_ADCVD,무역구제(반덤핑·상계관세),0.0,0.0,0,
2014-03,2014-02,ENERGY_SUPPLY,에너지 공급,0.0,0.0,0,
2014-03,2014-02,SHIPPING_LOGISTICS,해상운송/물류,0.0,0.0,0,
2014-03,2014-02,PANDEMIC_EMERGENCY,팬데믹/비상사태,0.0,0.0,0,
2014-03,2014-02,INDUSTRIAL_SUPPLY_DEMAND,산업 수급,0.0,0.0,0,
2014-04,2014-03,GEOPOLITICAL_CONFLICT,지정학 분쟁,0.0,0.0,0,
2014-04,2014-03,TRADE_TARIFF_SANCTION,무역/관세/제재,0.0,0.0,0,
2014-04,2014-03,TRADE_REMEDY_ADCVD,무역구제(반덤핑·상계관세),0.0,0.0,0,
2014-04,2014-03,ENERGY_SUPPLY,에너지 공급,0.0,0.0,0,
2014-04,2014-03,SHIPPING_LOGISTICS,해상운송/물류,0.0,0.0,0,
2014-04,2014-03,PANDEMIC_EMERGENCY,팬데믹/비상사태,0.0,0.0,0,
2014-04,2014-03,INDUSTRIAL_SUPPLY_DEMAND,산업 수급,0.0,0.0,0,
2014-05,2014-04,GEOPOLITICAL_CONFLICT,지정학 분쟁,0.0,0.0,0,
2014-05,2014-04,TRADE_TARIFF_SANCTION,무역/관세/제재,0.0,0.0,0,
2014-05,2014-04,TRADE_REMEDY_ADCVD,무역구제(반덤핑·상계관세),0.0,0.0,0,
2014-05,2014-04,ENERGY_SUPPLY,에너지 공급,0.0,0.0,0,
2014-05,2014-04,SHIPPING_LOGISTICS,해상운송/물류,0.0,0.0,0,
2014-05,2014-04,PANDEMIC_EMERGENCY,팬데믹/비상사태,0.0,0.0,0,
2014-05,2014-04,INDUSTRIAL_SUPPLY_DEMAND,산업 수급,0.0,0.0,0,
2014-06,2014-05,GEOPOLITICAL_CONFLICT,지정학 분쟁,0.0,0.0,0,
2014-06,2014-05,TRADE_TARIFF_SANCTION,무역/관세/제재,0.0,0.0,0,
2014-06,2014-05,TRADE_REMEDY_ADCVD,무역구제(반덤핑·상계관세),0.0,0.0,0,
2014-06,2014-05,ENERGY_SUPPLY,에너지 공급,0.0,0.0,0,
2014-06,2014-05,SHIPPING_LOGISTICS,해상운송/물류,0.0,0.0,0,
2014-06,2014-05,PANDEMIC_EMERGENCY,팬데믹/비상사태,0.0,0.0,0,
2014-06,2014-05,INDUSTRIAL_SUPPLY_DEMAND,산업 수급,0.0,0.0,0,
2014-07,2014-06,GEOPOLITICAL_CONFLICT,지정학 분쟁,0.0,0.0,0,
2014-07,2014-06,TRADE_TARIFF_SANCTION,무역/관세/제재,0.0,0.0,0,
2014-07,2014-06,TRADE_REMEDY_ADCVD,무역구제(반덤핑·상계관세),0.0,0.0,0,
2014-07,2014-06,ENERGY_SUPPLY,에너지 공급,0.0,0.0,0,
2014-07,2014-06,SHIPPING_LOGISTICS,해상운송/물류,0.0,0.0,0,
2014-07,2014-06,PANDEMIC_EMERGENCY,팬데믹/비상사태,0.0,0.0,0,
2014-07,2014-06,INDUSTRIAL_SUPPLY_DEMAND,산업 수급,0.0,0.0,0,
2014-08,2014-07,GEOPOLITICAL_CONFLICT,지정학 분쟁,0.0,0.0,0,
2014-08,2014-07,TRADE_TARIFF_SANCTION,무역/관세/제재,0.0,0.0,0,
2014-08,2014-07,TRADE_REMEDY_ADCVD,무역구제(반덤핑·상계관세),0.0,0.0,0,
2014-08,2014-07,ENERGY_SUPPLY,에너지 공급,0.0,0.0,0,
2014-08,2014-07,SHIPPING_LOGISTICS,해상운송/물류,0.0,0.0,0,
2014-08,2014-07,PANDEMIC_EMERGENCY,팬데믹/비상사태,0.0,0.0,0,
2014-08,2014-07,INDUSTRIAL_SUPPLY_DEMAND,산업 수급,0.0,0.0,0,
2014-09,2014-08,GEOPOLITICAL_CONFLICT,지정학 분쟁,0.0,0.0,0,
2014-09,2014-08,TRADE_TARIFF_SANCTION,무역/관세/제재,0.0,0.0,0,
2014-09,2014-08,TRADE_REMEDY_ADCVD,무역구제(반덤핑·상계관세),0.0,0.0,0,
2014-09,2014-08,ENERGY_SUPPLY,에너지 공급,0.0,0.0,0,
2014-09,2014-08,SHIPPING_LOGISTICS,해상운송/물류,0.0,0.0,0,
2014-09,2014-08,PANDEMIC_EMERGENCY,팬데믹/비상사태,0.0,0.0,0,
2014-09,2014-08,INDUSTRIAL_SUPPLY_DEMAND,산업 수급,0.0,0.0,0,
2014-10,2014-09,GEOPOLITICAL_CONFLICT,지정학 분쟁,0.0,0.0,0,
2014-10,2014-09,TRADE_TARIFF_SANCTION,무역/관세/제재,0.0,0.0,0,
2014-10,2014-09,TRADE_REMEDY_ADCVD,무역구제(반덤핑·상계관세),0.0,0.0,0,
2014-10,2014-09,ENERGY_SUPPLY,에너지 공급,0.0,0.0,0,
2014-10,2014-09,SHIPPING_LOGISTICS,해상운송/물류,0.0,0.0,0,
2014-10,2014-09,PANDEMIC_EMERGENCY,팬데믹/비상사태,0.0,0.0,0,
2014-10,2014-09,INDUSTRIAL_SUPPLY_DEMAND,산업 수급,0.0,0.0,0,
2014-11,2014-10,GEOPOLITICAL_CONFLICT,지정학 분쟁,0.0,0.0,0,
2014-11,2014-10,TRADE_TARIFF_SANCTION,무역/관세/제재,0.0,0.0,0,
2014-11,2014-10,TRADE_REMEDY_ADCVD,무역구제(반덤핑·상계관세),0.0,0.0,0,
2014-11,2014-10,ENERGY_SUPPLY,에너지 공급,0.0,0.0,0,
2014-11,2014-10,SHIPPING_LOGISTICS,해상운송/물류,0.0,0.0,0,
2014-11,2014-10,PANDEMIC_EMERGENCY,팬데믹/비상사태,0.0,0.0,0,
2014-11,2014-10,INDUSTRIAL_SUPPLY_DEMAND,산업 수급,0.0,0.0,0,
2014-12,2014-11,GEOPOLITICAL_CONFLICT,지정학 분쟁,0.0,0.0,0,
2014-12,2014-11,TRADE_TARIFF_SANCTION,무역/관세/제재,0.0,0.0,0,
2014-12,2014-11,TRADE_REMEDY_ADCVD,무역구제(반덤핑·상계관세),0.0,0.0,0,
2014-12,2014-11,ENERGY_SUPPLY,에너지 공급,0.0,0.0,0,
2014-12,2014-11,SHIPPING_LOGISTICS,해상운송/물류,0.0,0.0,0,
2014-12,2014-11,PANDEMIC_EMERGENCY,팬데믹/비상사태,0.0,0.0,0,
2014-12,2014-11,INDUSTRIAL_SUPPLY_DEMAND,산업 수급,0.0,0.0,0,
2015-01,2014-12,GEOPOLITICAL_CONFLICT,지정학 분쟁,0.0,0.0,0,
2015-01,2014-12,TRADE_TARIFF_SANCTION,무역/관세/제재,0.0,0.0,0,
2015-01,2014-12,TRADE_REMEDY_ADCVD,무역구제(반덤핑·상계관세),0.0,0.0,0,
2015-01,2014-12,ENERGY_SUPPLY,에너지 공급,0.0,0.0,0,
2015-01,2014-12,SHIPPING_LOGISTICS,해상운송/물류,0.0,0.0,0,
2015-01,2014-12,PANDEMIC_EMERGENCY,팬데믹/비상사태,0.0,0.0,0,
2015-01,2014-12,INDUSTRIAL_SUPPLY_DEMAND,산업 수급,0.0,0.0,0,
2015-02,2015-01,GEOPOLITICAL_CONFLICT,지정학 분쟁,0.0,0.0,0,
2015-02,2015-01,TRADE_TARIFF_SANCTION,무역/관세/제재,0.0,0.0,0,
2015-02,2015-01,TRADE_REMEDY_ADCVD,무역구제(반덤핑·상계관세),0.0,0.0,0,
2015-02,2015-01,ENERGY_SUPPLY,에너지 공급,0.0,0.0,0,
2015-02,2015-01,SHIPPING_LOGISTICS,해상운송/물류,0.0,0.0,0,
2015-02,2015-01,PANDEMIC_EMERGENCY,팬데믹/비상사태,0.0,0.0,0,
2015-02,2015-01,INDUSTRIAL_SUPPLY_DEMAND,산업 수급,0.0,0.0,0,
2015-03,2015-02,GEOPOLITICAL_CONFLICT,지정학 분쟁,0.0,0.0,0,
2015-03,2015-02,TRADE_TARIFF_SANCTION,무역/관세/제재,0.0,0.0,0,
2015-03,2015-02,TRADE_REMEDY_ADCVD,무역구제(반덤핑·상계관세),0.0,0.0,0,
2015-03,2015-02,ENERGY_SUPPLY,에너지 공급,0.0,0.0,0,
2015-03,2015-02,SHIPPING_LOGISTICS,해상운송/물류,0.0,0.0,0,
2015-03,2015-02,PANDEMIC_EMERGENCY,팬데믹/비상사태,0.0,0.0,0,
2015-03,2015-02,INDUSTRIAL_SUPPLY_DEMAND,산업 수급,0.0,0.0,0,
2015-04,2015-03,GEOPOLITICAL_CONFLICT,지정학 분쟁,0.0,0.0,0,
2015-04,2015-03,TRADE_TARIFF_SANCTION,무역/관세/제재,0.0,0.0,0,
2015-04,2015-03,TRADE_REMEDY_ADCVD,무역구제(반덤핑·상계관세),0.0,0.0,0,
2015-04,2015-03,ENERGY_SUPPLY,에너지 공급,0.0,0.0,0,
2015-04,2015-03,SHIPPING_LOGISTICS,해상운송/물류,0.0,0.0,0,
2015-04,2015-03,PANDEMIC_EMERGENCY,팬데믹/비상사태,0.0,0.0,0,
2015-04,2015-03,INDUSTRIAL_SUPPLY_DEMAND,산업 수급,0.0,0.0,0,
2015-05,2015-04,GEOPOLITICAL_CONFLICT,지정학 분쟁,0.0,0.0,0,
2015-05,2015-04,TRADE_TARIFF_SANCTION,무역/관세/제재,0.0,0.0,0,
2015-05,2015-04,TRADE_REMEDY_ADCVD,무역구제(반덤핑·상계관세),0.0,0.0,0,
2015-05,2015-04,ENERGY_SUPPLY,에너지 공급,0.0,0.0,0,
2015-05,2015-04,SHIPPING_LOGISTICS,해상운송/물류,0.0,0.0,0,
2015-05,2015-04,PANDEMIC_EMERGENCY,팬데믹/비상사태,0.0,0.0,0,
2015-05,2015-04,INDUSTRIAL_SUPPLY_DEMAND,산업 수급,0.0,0.0,0,
2015-06,2015-05,GEOPOLITICAL_CONFLICT,지정학 분쟁,0.0,0.0,0,
2015-06,2015-05,TRADE_TARIFF_SANCTION,무역/관세/제재,0.0,0.0,0,
2015-06,2015-05,TRADE_REMEDY_ADCVD,무역구제(반덤핑·상계관세),0.0,0.0,0,
2015-06,2015-05,ENERGY_SUPPLY,에너지 공급,0.0,0.0,0,
2015-06,2015-05,SHIPPING_LOGISTICS,해상운송/물류,0.0,0.0,0,
2015-06,2015-05,PANDEMIC_EMERGENCY,팬데믹/비상사태,0.0,0.0,0,
2015-06,2015-05,INDUSTRIAL_SUPPLY_DEMAND,산업 수급,0.0,0.0,0,
2015-07,2015-06,GEOPOLITICAL_CONFLICT,지정학 분쟁,0.0,0.0,0,
2015-07,2015-06,TRADE_TARIFF_SANCTION,무역/관세/제재,0.0,0.0,0,
2015-07,2015-06,TRADE_REMEDY_ADCVD,무역구제(반덤핑·상계관세),0.672222,0.067222,1,EP_CORE_ADCVD
2015-07,2015-06,ENERGY_SUPPLY,에너지 공급,0.0,0.0,0,
2015-07,2015-06,SHIPPING_LOGISTICS,해상운송/물류,0.0,0.0,0,
2015-07,2015-06,PANDEMIC_EMERGENCY,팬데믹/비상사태,0.0,0.0,0,
2015-07,2015-06,INDUSTRIAL_SUPPLY_DEMAND,산업 수급,0.0,0.0,0,
2015-08,2015-07,GEOPOLITICAL_CONFLICT,지정학 분쟁,0.0,0.0,0,
2015-08,2015-07,TRADE_TARIFF_SANCTION,무역/관세/제재,0.0,0.0,0,
2015-08,2015-07,TRADE_REMEDY_ADCVD,무역구제(반덤핑·상계관세),0.533543,0.053354,1,EP_CORE_ADCVD
2015-08,2015-07,ENERGY_SUPPLY,에너지 공급,0.0,0.0,0,
2015-08,2015-07,SHIPPING_LOGISTICS,해상운송/물류,0.0,0.0,0,
2015-08,2015-07,PANDEMIC_EMERGENCY,팬데믹/비상사태,0.0,0.0,0,
2015-08,2015-07,INDUSTRIAL_SUPPLY_DEMAND,산업 수급,0.0,0.0,0,
2015-09,2015-08,GEOPOLITICAL_CONFLICT,지정학 분쟁,0.0,0.0,0,
2015-09,2015-08,TRADE_TARIFF_SANCTION,무역/관세/제재,0.0,0.0,0,
2015-09,2015-08,TRADE_REMEDY_ADCVD,무역구제(반덤핑·상계관세),0.672222,0.067222,2,EP_CORE_ADCVD|EP_CRS_ADCVD
2015-09,2015-08,ENERGY_SUPPLY,에너지 공급,0.0,0.0,0,
2015-09,2015-08,SHIPPING_LOGISTICS,해상운송/물류,0.0,0.0,0,
2015-09,2015-08,PANDEMIC_EMERGENCY,팬데믹/비상사태,0.0,0.0,0,
2015-09,2015-08,INDUSTRIAL_SUPPLY_DEMAND,산업 수급,0.0,0.0,0,
2015-10,2015-09,GEOPOLITICAL_CONFLICT,지정학 분쟁,0.0,0.0,0,
2015-10,2015-09,TRADE_TARIFF_SANCTION,무역/관세/제재,0.0,0.0,0,
2015-10,2015-09,TRADE_REMEDY_ADCVD,무역구제(반덤핑·상계관세),0.672222,0.067222,3,EP_CORE_ADCVD|EP_CRS_ADCVD|EP_HRS_ADCVD
2015-10,2015-09,ENERGY_SUPPLY,에너지 공급,0.0,0.0,0,
2015-10,2015-09,SHIPPING_LOGISTICS,해상운송/물류,0.0,0.0,0,
2015-10,2015-09,PANDEMIC_EMERGENCY,팬데믹/비상사태,0.0,0.0,0,
2015-10,2015-09,INDUSTRIAL_SUPPLY_DEMAND,산업 수급,0.0,0.0,0,
2015-11,2015-10,GEOPOLITICAL_CONFLICT,지정학 분쟁,0.0,0.0,0,
2015-11,2015-10,TRADE_TARIFF_SANCTION,무역/관세/제재,0.0,0.0,0,
2015-11,2015-10,TRADE_REMEDY_ADCVD,무역구제(반덤핑·상계관세),0.533543,0.053354,3,EP_CORE_ADCVD|EP_CRS_ADCVD|EP_HRS_ADCVD
2015-11,2015-10,ENERGY_SUPPLY,에너지 공급,0.0,0.0,0,
2015-11,2015-10,SHIPPING_LOGISTICS,해상운송/물류,0.0,0.0,0,
2015-11,2015-10,PANDEMIC_EMERGENCY,팬데믹/비상사태,0.0,0.0,0,
2015-11,2015-10,INDUSTRIAL_SUPPLY_DEMAND,산업 수급,0.0,0.0,0,
2015-12,2015-11,GEOPOLITICAL_CONFLICT,지정학 분쟁,0.0,0.0,0,
2015-12,2015-11,TRADE_TARIFF_SANCTION,무역/관세/제재,0.0,0.0,0,
2015-12,2015-11,TRADE_REMEDY_ADCVD,무역구제(반덤핑·상계관세),0.755556,0.075556,3,EP_CORE_ADCVD|EP_CRS_ADCVD|EP_HRS_ADCVD
2015-12,2015-11,ENERGY_SUPPLY,에너지 공급,0.0,0.0,0,
2015-12,2015-11,SHIPPING_LOGISTICS,해상운송/물류,0.0,0.0,0,
2015-12,2015-11,PANDEMIC_EMERGENCY,팬데믹/비상사태,0.0,0.0,0,
2015-12,2015-11,INDUSTRIAL_SUPPLY_DEMAND,산업 수급,0.0,0.0,0,
2016-01,2015-12,GEOPOLITICAL_CONFLICT,지정학 분쟁,0.0,0.0,0,
2016-01,2015-12,TRADE_TARIFF_SANCTION,무역/관세/제재,0.0,0.0,0,
2016-01,2015-12,TRADE_REMEDY_ADCVD,무역구제(반덤핑·상계관세),0.615272,0.061527,3,EP_CORE_ADCVD|EP_CRS_ADCVD|EP_HRS_ADCVD
2016-01,2015-12,ENERGY_SUPPLY,에너지 공급,0.0,0.0,0,
2016-01,2015-12,SHIPPING_LOGISTICS,해상운송/물류,0.0,0.0,0,
2016-01,2015-12,PANDEMIC_EMERGENCY,팬데믹/비상사태,0.0,0.0,0,
2016-01,2015-12,INDUSTRIAL_SUPPLY_DEMAND,산업 수급,0.0,0.0,0,
2016-02,2016-01,GEOPOLITICAL_CONFLICT,지정학 분쟁,0.0,0.0,0,
2016-02,2016-01,TRADE_TARIFF_SANCTION,무역/관세/제재,0.0,0.0,0,
2016-02,2016-01,TRADE_REMEDY_ADCVD,무역구제(반덤핑·상계관세),0.503929,0.050393,3,EP_CORE_ADCVD|EP_CRS_ADCVD|EP_HRS_ADCVD
2016-02,2016-01,ENERGY_SUPPLY,에너지 공급,0.0,0.666667,1,EP_JCPOA_RELIEF
2016-02,2016-01,SHIPPING_LOGISTICS,해상운송/물류,0.0,0.0,0,
2016-02,2016-01,PANDEMIC_EMERGENCY,팬데믹/비상사태,0.0,0.0,0,
2016-02,2016-01,INDUSTRIAL_SUPPLY_DEMAND,산업 수급,0.0,0.0,0,
2016-03,2016-02,GEOPOLITICAL_CONFLICT,지정학 분쟁,0.0,0.0,0,
2016-03,2016-02,TRADE_TARIFF_SANCTION,무역/관세/제재,0.0,0.0,0,
2016-03,2016-02,TRADE_REMEDY_ADCVD,무역구제(반덤핑·상계관세),0.415556,0.041556,3,EP_CORE_ADCVD|EP_CRS_ADCVD|EP_HRS_ADCVD
2016-03,2016-02,ENERGY_SUPPLY,에너지 공급,0.0,0.604843,1,EP_JCPOA_RELIEF
2016-03,2016-02,SHIPPING_LOGISTICS,해상운송/물류,0.0,0.0,0,
2016-03,2016-02,PANDEMIC_EMERGENCY,팬데믹/비상사태,0.0,0.0,0,
2016-03,2016-02,INDUSTRIAL_SUPPLY_DEMAND,산업 수급,0.0,0.0,0,
2016-04,2016-03,GEOPOLITICAL_CONFLICT,지정학 분쟁,0.0,0.0,0,
2016-04,2016-03,TRADE_TARIFF_SANCTION,무역/관세/제재,0.0,0.0,0,
2016-04,2016-03,TRADE_REMEDY_ADCVD,무역구제(반덤핑·상계관세),0.345414,0.034541,3,EP_CORE_ADCVD|EP_CRS_ADCVD|EP_HRS_ADCVD
2016-04,2016-03,ENERGY_SUPPLY,에너지 공급,0.0,0.549764,1,EP_JCPOA_RELIEF
2016-04,2016-03,SHIPPING_LOGISTICS,해상운송/물류,0.0,0.0,0,
2016-04,2016-03,PANDEMIC_EMERGENCY,팬데믹/비상사태,0.0,0.0,0,
2016-04,2016-03,INDUSTRIAL_SUPPLY_DEMAND,산업 수급,0.0,0.0,0,
2016-05,2016-04,GEOPOLITICAL_CONFLICT,지정학 분쟁,0.0,0.0,0,
2016-05,2016-04,TRADE_TARIFF_SANCTION,무역/관세/제재,0.0,0.0,0,
2016-05,2016-04,TRADE_REMEDY_ADCVD,무역구제(반덤핑·상계관세),0.289742,0.028974,3,EP_CORE_ADCVD|EP_CRS_ADCVD|EP_HRS_ADCVD
2016-05,2016-04,ENERGY_SUPPLY,에너지 공급,0.0,0.500694,1,EP_JCPOA_RELIEF
2016-05,2016-04,SHIPPING_LOGISTICS,해상운송/물류,0.0,0.0,0,
2016-05,2016-04,PANDEMIC_EMERGENCY,팬데믹/비상사태,0.0,0.0,0,
2016-05,2016-04,INDUSTRIAL_SUPPLY_DEMAND,산업 수급,0.0,0.0,0,
2016-06,2016-05,GEOPOLITICAL_CONFLICT,지정학 분쟁,0.0,0.0,0,
2016-06,2016-05,TRADE_TARIFF_SANCTION,무역/관세/제재,0.0,0.0,0,
2016-06,2016-05,TRADE_REMEDY_ADCVD,무역구제(반덤핑·상계관세),0.245556,0.024556,2,EP_CORE_ADCVD|EP_HRS_ADCVD
2016-06,2016-05,ENERGY_SUPPLY,에너지 공급,0.0,0.456978,1,EP_JCPOA_RELIEF
2016-06,2016-05,SHIPPING_LOGISTICS,해상운송/물류,0.0,0.0,0,
2016-06,2016-05,PANDEMIC_EMERGENCY,팬데믹/비상사태,0.0,0.0,0,
2016-06,2016-05,INDUSTRIAL_SUPPLY_DEMAND,산업 수급,0.0,0.0,0,
2016-07,2016-06,GEOPOLITICAL_CONFLICT,지정학 분쟁,0.0,0.0,0,
2016-07,2016-06,TRADE_TARIFF_SANCTION,무역/관세/제재,0.0,0.0,0,
2016-07,2016-06,TRADE_REMEDY_ADCVD,무역구제(반덤핑·상계관세),0.210485,0.021048,1,EP_CORE_ADCVD
2016-07,2016-06,ENERGY_SUPPLY,에너지 공급,0.0,0.418031,1,EP_JCPOA_RELIEF
2016-07,2016-06,SHIPPING_LOGISTICS,해상운송/물류,0.0,0.0,0,
2016-07,2016-06,PANDEMIC_EMERGENCY,팬데믹/비상사태,0.0,0.0,0,
2016-07,2016-06,INDUSTRIAL_SUPPLY_DEMAND,산업 수급,0.0,0.0,0,
2016-08,2016-07,GEOPOLITICAL_CONFLICT,지정학 분쟁,0.0,0.0,0,
2016-08,2016-07,TRADE_TARIFF_SANCTION,무역/관세/제재,0.0,0.0,0,
2016-08,2016-07,TRADE_REMEDY_ADCVD,무역구제(반덤핑·상계관세),0.888889,0.088889,2,EP_CORE_ADCVD|EP_CRS_ADCVD
2016-08,2016-07,ENERGY_SUPPLY,에너지 공급,0.0,0.383333,1,EP_JCPOA_RELIEF
2016-08,2016-07,SHIPPING_LOGISTICS,해상운송/물류,0.0,0.0,0,
2016-08,2016-07,PANDEMIC_EMERGENCY,팬데믹/비상사태,0.0,0.0,0,
2016-08,2016-07,INDUSTRIAL_SUPPLY_DEMAND,산업 수급,0.0,0.0,0,
2016-09,2016-08,GEOPOLITICAL_CONFLICT,지정학 분쟁,0.0,0.0,0,
2016-09,2016-08,TRADE_TARIFF_SANCTION,무역/관세/제재,0.0,0.0,0,
2016-09,2016-08,TRADE_REMEDY_ADCVD,무역구제(반덤핑·상계관세),0.806457,0.080646,2,EP_CORE_ADCVD|EP_CRS_ADCVD
2016-09,2016-08,ENERGY_SUPPLY,에너지 공급,0.0,0.352421,1,EP_JCPOA_RELIEF
2016-09,2016-08,SHIPPING_LOGISTICS,해상운송/물류,0.0,0.0,0,
2016-09,2016-08,PANDEMIC_EMERGENCY,팬데믹/비상사태,0.0,0.0,0,
2016-09,2016-08,INDUSTRIAL_SUPPLY_DEMAND,산업 수급,0.0,0.0,0,
2016-10,2016-09,GEOPOLITICAL_CONFLICT,지정학 분쟁,0.0,0.0,0,
2016-10,2016-09,TRADE_TARIFF_SANCTION,무역/관세/제재,0.0,0.0,0,
2016-10,2016-09,TRADE_REMEDY_ADCVD,무역구제(반덤핑·상계관세),0.888889,0.088889,3,EP_CORE_ADCVD|EP_CRS_ADCVD|EP_CTL_PLATE_ADCVD
2016-10,2016-09,ENERGY_SUPPLY,에너지 공급,0.0,0.324882,1,EP_JCPOA_RELIEF
2016-10,2016-09,SHIPPING_LOGISTICS,해상운송/물류,0.0,0.0,0,
2016-10,2016-09,PANDEMIC_EMERGENCY,팬데믹/비상사태,0.0,0.0,0,
2016-10,2016-09,INDUSTRIAL_SUPPLY_DEMAND,산업 수급,0.0,0.0,0,
2016-11,2016-10,GEOPOLITICAL_CONFLICT,지정학 분쟁,0.0,0.0,0,
2016-11,2016-10,TRADE_TARIFF_SANCTION,무역/관세/제재,0.0,0.0,0,
2016-11,2016-10,TRADE_REMEDY_ADCVD,무역구제(반덤핑·상계관세),0.888889,0.088889,4,EP_CORE_ADCVD|EP_CRS_ADCVD|EP_CTL_PLATE_ADCVD|EP_HRS_ADCVD
2016-11,2016-10,ENERGY_SUPPLY,에너지 공급,0.0,0.300347,1,EP_JCPOA_RELIEF
2016-11,2016-10,SHIPPING_LOGISTICS,해상운송/물류,0.0,0.0,0,
2016-11,2016-10,PANDEMIC_EMERGENCY,팬데믹/비상사태,0.0,0.0,0,
2016-11,2016-10,INDUSTRIAL_SUPPLY_DEMAND,산업 수급,0.0,0.0,0,
2016-12,2016-11,GEOPOLITICAL_CONFLICT,지정학 분쟁,0.0,0.0,0,
2016-12,2016-11,TRADE_TARIFF_SANCTION,무역/관세/제재,0.0,0.0,0,
2016-12,2016-11,TRADE_REMEDY_ADCVD,무역구제(반덤핑·상계관세),0.888889,0.088889,4,EP_CORE_ADCVD|EP_CRS_ADCVD|EP_CTL_PLATE_ADCVD|EP_HRS_ADCVD
2016-12,2016-11,ENERGY_SUPPLY,에너지 공급,0.0,0.278489,1,EP_JCPOA_RELIEF
2016-12,2016-11,SHIPPING_LOGISTICS,해상운송/물류,0.0,0.0,0,
2016-12,2016-11,PANDEMIC_EMERGENCY,팬데믹/비상사태,0.0,0.0,0,
2016-12,2016-11,INDUSTRIAL_SUPPLY_DEMAND,산업 수급,0.0,0.0,0,
2017-01,2016-12,GEOPOLITICAL_CONFLICT,지정학 분쟁,0.0,0.0,0,
2017-01,2016-12,TRADE_TARIFF_SANCTION,무역/관세/제재,0.0,0.0,0,
2017-01,2016-12,TRADE_REMEDY_ADCVD,무역구제(반덤핑·상계관세),0.775749,0.077575,4,EP_CORE_ADCVD|EP_CRS_ADCVD|EP_CTL_PLATE_ADCVD|EP_HRS_ADCVD
2017-01,2016-12,ENERGY_SUPPLY,에너지 공급,0.0,0.259015,1,EP_JCPOA_RELIEF
2017-01,2016-12,SHIPPING_LOGISTICS,해상운송/물류,0.0,0.0,0,
2017-01,2016-12,PANDEMIC_EMERGENCY,팬데믹/비상사태,0.0,0.0,0,
2017-01,2016-12,INDUSTRIAL_SUPPLY_DEMAND,산업 수급,0.0,0.0,0,
2017-02,2017-01,GEOPOLITICAL_CONFLICT,지정학 분쟁,0.0,0.0,0,
2017-02,2017-01,TRADE_TARIFF_SANCTION,무역/관세/제재,0.0,0.0,0,
2017-02,2017-01,TRADE_REMEDY_ADCVD,무역구제(반덤핑·상계관세),0.680609,0.068061,4,EP_CORE_ADCVD|EP_CRS_ADCVD|EP_CTL_PLATE_ADCVD|EP_HRS_ADCVD
2017-02,2017-01,ENERGY_SUPPLY,에너지 공급,0.0,0.241667,1,EP_JCPOA_RELIEF
2017-02,2017-01,SHIPPING_LOGISTICS,해상운송/물류,0.0,0.0,0,
2017-02,2017-01,PANDEMIC_EMERGENCY,팬데믹/비상사태,0.0,0.0,0,
2017-02,2017-01,INDUSTRIAL_SUPPLY_DEMAND,산업 수급,0.0,0.0,0,
2017-03,2017-02,GEOPOLITICAL_CONFLICT,지정학 분쟁,0.0,0.0,0,
2017-03,2017-02,TRADE_TARIFF_SANCTION,무역/관세/제재,0.0,0.0,0,
2017-03,2017-02,TRADE_REMEDY_ADCVD,무역구제(반덤핑·상계관세),0.609304,0.06093,4,EP_CORE_ADCVD|EP_CRS_ADCVD|EP_CTL_PLATE_ADCVD|EP_HRS_ADCVD
2017-03,2017-02,ENERGY_SUPPLY,에너지 공급,0.0,0.226211,1,EP_JCPOA_RELIEF
2017-03,2017-02,SHIPPING_LOGISTICS,해상운송/물류,0.0,0.0,0,
2017-03,2017-02,PANDEMIC_EMERGENCY,팬데믹/비상사태,0.0,0.0,0,
2017-03,2017-02,INDUSTRIAL_SUPPLY_DEMAND,산업 수급,0.0,0.0,0,
2017-04,2017-03,GEOPOLITICAL_CONFLICT,지정학 분쟁,0.0,0.0,0,
2017-04,2017-03,TRADE_TARIFF_SANCTION,무역/관세/제재,0.0,0.0,0,
2017-04,2017-03,TRADE_REMEDY_ADCVD,무역구제(반덤핑·상계관세),0.557375,0.055737,4,EP_CORE_ADCVD|EP_CRS_ADCVD|EP_CTL_PLATE_ADCVD|EP_HRS_ADCVD
2017-04,2017-03,ENERGY_SUPPLY,에너지 공급,0.0,0.212441,1,EP_JCPOA_RELIEF
2017-04,2017-03,SHIPPING_LOGISTICS,해상운송/물류,0.0,0.0,0,
2017-04,2017-03,PANDEMIC_EMERGENCY,팬데믹/비상사태,0.0,0.0,0,
2017-04,2017-03,INDUSTRIAL_SUPPLY_DEMAND,산업 수급,0.0,0.0,0,
2017-05,2017-04,GEOPOLITICAL_CONFLICT,지정학 분쟁,0.0,0.0,0,
2017-05,2017-04,TRADE_TARIFF_SANCTION,무역/관세/제재,0.733333,0.256667,1,EP_S232_STEEL
2017-05,2017-04,TRADE_REMEDY_ADCVD,무역구제(반덤핑·상계관세),0.511111,0.051111,4,EP_CORE_ADCVD|EP_CRS_ADCVD|EP_CTL_PLATE_ADCVD|EP_HRS_ADCVD
2017-05,2017-04,ENERGY_SUPPLY,에너지 공급,0.0,0.200173,1,EP_JCPOA_RELIEF
2017-05,2017-04,SHIPPING_LOGISTICS,해상운송/물류,0.0,0.0,0,
2017-05,2017-04,PANDEMIC_EMERGENCY,팬데믹/비상사태,0.0,0.0,0,
2017-05,2017-04,INDUSTRIAL_SUPPLY_DEMAND,산업 수급,0.0,0.0,0,
2017-06,2017-05,GEOPOLITICAL_CONFLICT,지정학 분쟁,0.0,0.0,0,
2017-06,2017-05,TRADE_TARIFF_SANCTION,무역/관세/제재,0.518545,0.181491,1,EP_S232_STEEL
2017-06,2017-05,TRADE_REMEDY_ADCVD,무역구제(반덤핑·상계관세),0.469895,0.04699,4,EP_CORE_ADCVD|EP_CRS_ADCVD|EP_CTL_PLATE_ADCVD|EP_HRS_ADCVD
2017-06,2017-05,ENERGY_SUPPLY,에너지 공급,0.0,0.189244,1,EP_JCPOA_RELIEF
2017-06,2017-05,SHIPPING_LOGISTICS,해상운송/물류,0.0,0.0,0,
2017-06,2017-05,PANDEMIC_EMERGENCY,팬데믹/비상사태,0.0,0.0,0,
2017-06,2017-05,INDUSTRIAL_SUPPLY_DEMAND,산업 수급,0.0,0.0,0,
2017-07,2017-06,GEOPOLITICAL_CONFLICT,지정학 분쟁,0.0,0.0,0,
2017-07,2017-06,TRADE_TARIFF_SANCTION,무역/관세/제재,0.366667,0.128333,1,EP_S232_STEEL
2017-07,2017-06,TRADE_REMEDY_ADCVD,무역구제(반덤핑·상계관세),0.433176,0.043318,4,EP_CORE_ADCVD|EP_CRS_ADCVD|EP_CTL_PLATE_ADCVD|EP_HRS_ADCVD
2017-07,2017-06,ENERGY_SUPPLY,에너지 공급,0.0,0.179508,1,EP_JCPOA_RELIEF
2017-07,2017-06,SHIPPING_LOGISTICS,해상운송/물류,0.0,0.0,0,
2017-07,2017-06,PANDEMIC_EMERGENCY,팬데믹/비상사태,0.0,0.0,0,
2017-07,2017-06,INDUSTRIAL_SUPPLY_DEMAND,산업 수급,0.0,0.0,0,
2017-08,2017-07,GEOPOLITICAL_CONFLICT,지정학 분쟁,0.0,0.0,0,
2017-08,2017-07,TRADE_TARIFF_SANCTION,무역/관세/제재,0.259272,0.090745,1,EP_S232_STEEL
2017-08,2017-07,TRADE_REMEDY_ADCVD,무역구제(반덤핑·상계관세),0.400463,0.040046,4,EP_CORE_ADCVD|EP_CRS_ADCVD|EP_CTL_PLATE_ADCVD|EP_HRS_ADCVD
2017-08,2017-07,ENERGY_SUPPLY,에너지 공급,0.0,0.170833,1,EP_JCPOA_RELIEF
2017-08,2017-07,SHIPPING_LOGISTICS,해상운송/물류,0.0,0.0,0,
2017-08,2017-07,PANDEMIC_EMERGENCY,팬데믹/비상사태,0.0,0.0,0,
2017-08,2017-07,INDUSTRIAL_SUPPLY_DEMAND,산업 수급,0.0,0.0,0,
2017-09,2017-08,GEOPOLITICAL_CONFLICT,지정학 분쟁,0.0,0.0,0,
2017-09,2017-08,TRADE_TARIFF_SANCTION,무역/관세/제재,0.183333,0.064167,1,EP_S232_STEEL
2017-09,2017-08,TRADE_REMEDY_ADCVD,무역구제(반덤핑·상계관세),0.371318,0.037132,4,EP_CORE_ADCVD|EP_CRS_ADCVD|EP_CTL_PLATE_ADCVD|EP_HRS_ADCVD
2017-09,2017-08,ENERGY_SUPPLY,에너지 공급,0.0,0.163105,1,EP_JCPOA_RELIEF
2017-09,2017-08,SHIPPING_LOGISTICS,해상운송/물류,0.0,0.0,0,
2017-09,2017-08,PANDEMIC_EMERGENCY,팬데믹/비상사태,0.0,0.0,0,
2017-09,2017-08,INDUSTRIAL_SUPPLY_DEMAND,산업 수급,0.0,0.0,0,
2017-10,2017-09,GEOPOLITICAL_CONFLICT,지정학 분쟁,0.0,0.0,0,
2017-10,2017-09,TRADE_TARIFF_SANCTION,무역/관세/제재,0.129636,0.045373,1,EP_S232_STEEL
2017-10,2017-09,TRADE_REMEDY_ADCVD,무역구제(반덤핑·상계관세),0.345354,0.034535,4,EP_CORE_ADCVD|EP_CRS_ADCVD|EP_CTL_PLATE_ADCVD|EP_HRS_ADCVD
2017-10,2017-09,ENERGY_SUPPLY,에너지 공급,0.0,0.15622,1,EP_JCPOA_RELIEF
2017-10,2017-09,SHIPPING_LOGISTICS,해상운송/물류,0.0,0.0,0,
2017-10,2017-09,PANDEMIC_EMERGENCY,팬데믹/비상사태,0.0,0.0,0,
2017-10,2017-09,INDUSTRIAL_SUPPLY_DEMAND,산업 수급,0.0,0.0,0,
2017-11,2017-10,GEOPOLITICAL_CONFLICT,지정학 분쟁,0.0,0.0,0,
2017-11,2017-10,TRADE_TARIFF_SANCTION,무역/관세/제재,0.0,0.0,0,
2017-11,2017-10,TRADE_REMEDY_ADCVD,무역구제(반덤핑·상계관세),0.322222,0.032222,4,EP_CORE_ADCVD|EP_CRS_ADCVD|EP_CTL_PLATE_ADCVD|EP_HRS_ADCVD
2017-11,2017-10,ENERGY_SUPPLY,에너지 공급,0.0,0.150087,1,EP_JCPOA_RELIEF
2017-11,2017-10,SHIPPING_LOGISTICS,해상운송/물류,0.0,0.0,0,
2017-11,2017-10,PANDEMIC_EMERGENCY,팬데믹/비상사태,0.0,0.0,0,
2017-11,2017-10,INDUSTRIAL_SUPPLY_DEMAND,산업 수급,0.0,0.0,0,
2017-12,2017-11,GEOPOLITICAL_CONFLICT,지정학 분쟁,0.0,0.0,0,
2017-12,2017-11,TRADE_TARIFF_SANCTION,무역/관세/제재,0.0,0.0,0,
2017-12,2017-11,TRADE_REMEDY_ADCVD,무역구제(반덤핑·상계관세),0.301614,0.030161,3,EP_CORE_ADCVD|EP_CRS_ADCVD|EP_HRS_ADCVD
2017-12,2017-11,ENERGY_SUPPLY,에너지 공급,0.0,0.144622,1,EP_JCPOA_RELIEF
2017-12,2017-11,SHIPPING_LOGISTICS,해상운송/물류,0.0,0.0,0,
2017-12,2017-11,PANDEMIC_EMERGENCY,팬데믹/비상사태,0.0,0.0,0,
2017-12,2017-11,INDUSTRIAL_SUPPLY_DEMAND,산업 수급,0.0,0.0,0,
2018-01,2017-12,GEOPOLITICAL_CONFLICT,지정학 분쟁,0.0,0.0,0,
2018-01,2017-12,TRADE_TARIFF_SANCTION,무역/관세/제재,0.0,0.0,0,
2018-01,2017-12,TRADE_REMEDY_ADCVD,무역구제(반덤핑·상계관세),0.283255,0.028325,3,EP_CORE_ADCVD|EP_CRS_ADCVD|EP_HRS_ADCVD
2018-01,2017-12,ENERGY_SUPPLY,에너지 공급,0.0,0.139754,1,EP_JCPOA_RELIEF
2018-01,2017-12,SHIPPING_LOGISTICS,해상운송/물류,0.0,0.0,0,
2018-01,2017-12,PANDEMIC_EMERGENCY,팬데믹/비상사태,0.0,0.0,0,
2018-01,2017-12,INDUSTRIAL_SUPPLY_DEMAND,산업 수급,0.0,0.0,0,
2018-02,2018-01,GEOPOLITICAL_CONFLICT,지정학 분쟁,0.0,0.0,0,
2018-02,2018-01,TRADE_TARIFF_SANCTION,무역/관세/제재,0.0,0.0,0,
2018-02,2018-01,TRADE_REMEDY_ADCVD,무역구제(반덤핑·상계관세),0.266898,0.02669,3,EP_CORE_ADCVD|EP_CRS_ADCVD|EP_HRS_ADCVD
2018-02,2018-01,ENERGY_SUPPLY,에너지 공급,0.0,0.135417,1,EP_JCPOA_RELIEF
2018-02,2018-01,SHIPPING_LOGISTICS,해상운송/물류,0.0,0.0,0,
2018-02,2018-01,PANDEMIC_EMERGENCY,팬데믹/비상사태,0.0,0.0,0,
2018-02,2018-01,INDUSTRIAL_SUPPLY_DEMAND,산업 수급,0.0,0.0,0,
2018-03,2018-02,GEOPOLITICAL_CONFLICT,지정학 분쟁,0.0,0.0,0,
2018-03,2018-02,TRADE_TARIFF_SANCTION,무역/관세/제재,0.0,0.0,0,
2018-03,2018-02,TRADE_REMEDY_ADCVD,무역구제(반덤핑·상계관세),0.252326,0.025233,3,EP_CORE_ADCVD|EP_CRS_ADCVD|EP_HRS_ADCVD
2018-03,2018-02,ENERGY_SUPPLY,에너지 공급,0.0,0.131553,1,EP_JCPOA_RELIEF
2018-03,2018-02,SHIPPING_LOGISTICS,해상운송/물류,0.0,0.0,0,
2018-03,2018-02,PANDEMIC_EMERGENCY,팬데믹/비상사태,0.0,0.0,0,
2018-03,2018-02,INDUSTRIAL_SUPPLY_DEMAND,산업 수급,0.0,0.0,0,
2018-04,2018-03,GEOPOLITICAL_CONFLICT,지정학 분쟁,0.0,0.0,0,
2018-04,2018-03,TRADE_TARIFF_SANCTION,무역/관세/제재,1.0,0.35,1,EP_S232_STEEL
2018-04,2018-03,TRADE_REMEDY_ADCVD,무역구제(반덤핑·상계관세),0.239344,0.023934,3,EP_CORE_ADCVD|EP_CRS_ADCVD|EP_HRS_ADCVD
2018-04,2018-03,ENERGY_SUPPLY,에너지 공급,0.0,0.12811,1,EP_JCPOA_RELIEF
2018-04,2018-03,SHIPPING_LOGISTICS,해상운송/물류,0.0,0.0,0,
2018-04,2018-03,PANDEMIC_EMERGENCY,팬데믹/비상사태,0.0,0.0,0,
2018-04,2018-03,INDUSTRIAL_SUPPLY_DEMAND,산업 수급,0.0,0.0,0,
2018-05,2018-04,GEOPOLITICAL_CONFLICT,지정학 분쟁,0.0,0.0,0,
2018-05,2018-04,TRADE_TARIFF_SANCTION,무역/관세/제재,0.907264,0.317542,1,EP_S232_STEEL
2018-05,2018-04,TRADE_REMEDY_ADCVD,무역구제(반덤핑·상계관세),0.227778,0.022778,3,EP_CORE_ADCVD|EP_CRS_ADCVD|EP_HRS_ADCVD
2018-05,2018-04,ENERGY_SUPPLY,에너지 공급,0.0,0.125043,1,EP_JCPOA_RELIEF
2018-05,2018-04,SHIPPING_LOGISTICS,해상운송/물류,0.0,0.0,0,
2018-05,2018-04,PANDEMIC_EMERGENCY,팬데믹/비상사태,0.0,0.0,0,
2018-05,2018-04,INDUSTRIAL_SUPPLY_DEMAND,산업 수급,0.0,0.0,0,
2018-06,2018-05,GEOPOLITICAL_CONFLICT,지정학 분쟁,0.0,0.0,0,
2018-06,2018-05,TRADE_TARIFF_SANCTION,무역/관세/제재,0.824645,0.288626,1,EP_S232_STEEL
2018-06,2018-05,TRADE_REMEDY_ADCVD,무역구제(반덤핑·상계관세),0.217474,0.021747,3,EP_CORE_ADCVD|EP_CRS_ADCVD|EP_HRS_ADCVD
2018-06,2018-05,ENERGY_SUPPLY,에너지 공급,0.0,0.122311,1,EP_JCPOA_RELIEF
2018-06,2018-05,SHIPPING_LOGISTICS,해상운송/물류,0.0,0.0,0,
2018-06,2018-05,PANDEMIC_EMERGENCY,팬데믹/비상사태,0.0,0.0,0,
2018-06,2018-05,INDUSTRIAL_SUPPLY_DEMAND,산업 수급,0.0,0.0,0,
2018-07,2018-06,GEOPOLITICAL_CONFLICT,지정학 분쟁,0.0,0.0,0,
2018-07,2018-06,TRADE_TARIFF_SANCTION,무역/관세/제재,0.751041,0.377778,2,EP_S232_STEEL|EP_S301_CHINA
2018-07,2018-06,TRADE_REMEDY_ADCVD,무역구제(반덤핑·상계관세),0.208294,0.020829,3,EP_CORE_ADCVD|EP_CRS_ADCVD|EP_HRS_ADCVD
2018-07,2018-06,ENERGY_SUPPLY,에너지 공급,0.0,0.119877,1,EP_JCPOA_RELIEF
2018-07,2018-06,SHIPPING_LOGISTICS,해상운송/물류,0.0,0.0,0,
2018-07,2018-06,PANDEMIC_EMERGENCY,팬데믹/비상사태,0.0,0.0,0,
2018-07,2018-06,INDUSTRIAL_SUPPLY_DEMAND,산업 수급,0.0,0.0,0,
2018-08,2018-07,GEOPOLITICAL_CONFLICT,지정학 분쟁,0.0,0.0,0,
2018-08,2018-07,TRADE_TARIFF_SANCTION,무역/관세/제재,0.685466,0.307636,2,EP_S232_STEEL|EP_S301_CHINA
2018-08,2018-07,TRADE_REMEDY_ADCVD,무역구제(반덤핑·상계관세),0.200116,0.020012,3,EP_CORE_ADCVD|EP_CRS_ADCVD|EP_HRS_ADCVD
2018-08,2018-07,ENERGY_SUPPLY,에너지 공급,0.0,0.117708,1,EP_JCPOA_RELIEF
2018-08,2018-07,SHIPPING_LOGISTICS,해상운송/물류,0.0,0.0,0,
2018-08,2018-07,PANDEMIC_EMERGENCY,팬데믹/비상사태,0.0,0.0,0,
2018-08,2018-07,INDUSTRIAL_SUPPLY_DEMAND,산업 수급,0.0,0.0,0,
2018-09,2018-08,GEOPOLITICAL_CONFLICT,지정학 분쟁,0.0,0.0,0,
2018-09,2018-08,TRADE_TARIFF_SANCTION,무역/관세/제재,0.627046,0.377778,2,EP_S232_STEEL|EP_S301_CHINA
2018-09,2018-08,TRADE_REMEDY_ADCVD,무역구제(반덤핑·상계관세),0.196464,0.019646,3,EP_CORE_ADCVD|EP_CRS_ADCVD|EP_HRS_ADCVD
2018-09,2018-08,ENERGY_SUPPLY,에너지 공급,0.0,0.115776,1,EP_JCPOA_RELIEF
2018-09,2018-08,SHIPPING_LOGISTICS,해상운송/물류,0.0,0.0,0,
2018-09,2018-08,PANDEMIC_EMERGENCY,팬데믹/비상사태,0.0,0.0,0,
2018-09,2018-08,INDUSTRIAL_SUPPLY_DEMAND,산업 수급,0.0,0.0,0,
2018-10,2018-09,GEOPOLITICAL_CONFLICT,지정학 분쟁,0.0,0.0,0,
2018-10,2018-09,TRADE_TARIFF_SANCTION,무역/관세/제재,0.622222,0.444444,2,EP_S232_STEEL|EP_S301_CHINA
2018-10,2018-09,TRADE_REMEDY_ADCVD,무역구제(반덤핑·상계관세),0.193491,0.019349,3,EP_CORE_ADCVD|EP_CRS_ADCVD|EP_HRS_ADCVD
2018-10,2018-09,ENERGY_SUPPLY,에너지 공급,0.0,0.114055,1,EP_JCPOA_RELIEF
2018-10,2018-09,SHIPPING_LOGISTICS,해상운송/물류,0.0,0.0,0,
2018-10,2018-09,PANDEMIC_EMERGENCY,팬데믹/비상사태,0.0,0.0,0,
2018-10,2018-09,INDUSTRIAL_SUPPLY_DEMAND,산업 수급,0.0,0.0,0,
2018-11,2018-10,GEOPOLITICAL_CONFLICT,지정학 분쟁,0.0,0.0,0,
2018-11,2018-10,TRADE_TARIFF_SANCTION,무역/관세/제재,0.543024,0.387874,2,EP_S232_STEEL|EP_S301_CHINA
2018-11,2018-10,TRADE_REMEDY_ADCVD,무역구제(반덤핑·상계관세),0.190991,0.019099,3,EP_CORE_ADCVD|EP_CRS_ADCVD|EP_HRS_ADCVD
2018-11,2018-10,ENERGY_SUPPLY,에너지 공급,0.0,0.112522,1,EP_JCPOA_RELIEF
2018-11,2018-10,SHIPPING_LOGISTICS,해상운송/물류,0.0,0.0,0,
2018-11,2018-10,PANDEMIC_EMERGENCY,팬데믹/비상사태,0.0,0.0,0,
2018-11,2018-10,INDUSTRIAL_SUPPLY_DEMAND,산업 수급,0.0,0.0,0,
2018-12,2018-11,GEOPOLITICAL_CONFLICT,지정학 분쟁,0.0,0.0,0,
2018-12,2018-11,TRADE_TARIFF_SANCTION,무역/관세/제재,0.487323,0.340305,2,EP_S232_STEEL|EP_S301_CHINA
2018-12,2018-11,TRADE_REMEDY_ADCVD,무역구제(반덤핑·상계관세),0.188889,0.018889,3,EP_CORE_ADCVD|EP_CRS_ADCVD|EP_HRS_ADCVD
2018-12,2018-11,ENERGY_SUPPLY,에너지 공급,0.0,0.111156,1,EP_JCPOA_RELIEF
2018-12,2018-11,SHIPPING_LOGISTICS,해상운송/물류,0.0,0.0,0,
2018-12,2018-11,PANDEMIC_EMERGENCY,팬데믹/비상사태,0.0,0.0,0,
2018-12,2018-11,INDUSTRIAL_SUPPLY_DEMAND,산업 수급,0.0,0.0,0,
2019-01,2018-12,GEOPOLITICAL_CONFLICT,지정학 분쟁,0.0,0.0,0,
2019-01,2018-12,TRADE_TARIFF_SANCTION,무역/관세/제재,0.45052,0.300303,2,EP_S232_STEEL|EP_S301_CHINA
2019-01,2018-12,TRADE_REMEDY_ADCVD,무역구제(반덤핑·상계관세),0.187121,0.018712,3,EP_CORE_ADCVD|EP_CRS_ADCVD|EP_HRS_ADCVD
2019-01,2018-12,ENERGY_SUPPLY,에너지 공급,0.0,0.109938,1,EP_JCPOA_RELIEF
2019-01,2018-12,SHIPPING_LOGISTICS,해상운송/물류,0.0,0.0,0,
2019-01,2018-12,PANDEMIC_EMERGENCY,팬데믹/비상사태,0.0,0.0,0,
2019-01,2018-12,INDUSTRIAL_SUPPLY_DEMAND,산업 수급,0.0,0.0,0,
2019-02,2019-01,GEOPOLITICAL_CONFLICT,지정학 분쟁,0.0,0.0,0,
2019-02,2019-01,TRADE_TARIFF_SANCTION,무역/관세/제재,0.417733,0.266667,2,EP_S232_STEEL|EP_S301_CHINA
2019-02,2019-01,TRADE_REMEDY_ADCVD,무역구제(반덤핑·상계관세),0.185635,0.018563,3,EP_CORE_ADCVD|EP_CRS_ADCVD|EP_HRS_ADCVD
2019-02,2019-01,ENERGY_SUPPLY,에너지 공급,0.0,0.108854,1,EP_JCPOA_RELIEF
2019-02,2019-01,SHIPPING_LOGISTICS,해상운송/물류,0.0,0.0,0,
2019-02,2019-01,PANDEMIC_EMERGENCY,팬데믹/비상사태,0.0,0.0,0,
2019-02,2019-01,INDUSTRIAL_SUPPLY_DEMAND,산업 수급,0.0,0.0,0,
2019-03,2019-02,GEOPOLITICAL_CONFLICT,지정학 분쟁,0.0,0.0,0,
2019-03,2019-02,TRADE_TARIFF_SANCTION,무역/관세/제재,0.388523,0.238382,2,EP_S232_STEEL|EP_S301_CHINA
2019-03,2019-02,TRADE_REMEDY_ADCVD,무역구제(반덤핑·상계관세),0.184384,0.018438,3,EP_CORE_ADCVD|EP_CRS_ADCVD|EP_HRS_ADCVD
2019-03,2019-02,ENERGY_SUPPLY,에너지 공급,0.0,0.107888,1,EP_JCPOA_RELIEF
2019-03,2019-02,SHIPPING_LOGISTICS,해상운송/물류,0.0,0.0,0,
2019-03,2019-02,PANDEMIC_EMERGENCY,팬데믹/비상사태,0.0,0.0,0,
2019-03,2019-02,INDUSTRIAL_SUPPLY_DEMAND,산업 수급,0.0,0.0,0,
2019-04,2019-03,GEOPOLITICAL_CONFLICT,지정학 분쟁,0.0,0.0,0,
2019-04,2019-03,TRADE_TARIFF_SANCTION,무역/관세/제재,0.3625,0.214597,2,EP_S232_STEEL|EP_S301_CHINA
2019-04,2019-03,TRADE_REMEDY_ADCVD,무역구제(반덤핑·상계관세),0.183333,0.018333,3,EP_CORE_ADCVD|EP_CRS_ADCVD|EP_HRS_ADCVD
2019-04,2019-03,ENERGY_SUPPLY,에너지 공급,0.0,0.107028,1,EP_JCPOA_RELIEF
2019-04,2019-03,SHIPPING_LOGISTICS,해상운송/물류,0.0,0.0,0,
2019-04,2019-03,PANDEMIC_EMERGENCY,팬데믹/비상사태,0.0,0.0,0,
2019-04,2019-03,INDUSTRIAL_SUPPLY_DEMAND,산업 수급,0.0,0.0,0,
2019-05,2019-04,GEOPOLITICAL_CONFLICT,지정학 분쟁,0.0,0.0,0,
2019-05,2019-04,TRADE_TARIFF_SANCTION,무역/관세/제재,0.339316,0.194596,2,EP_S232_STEEL|EP_S301_CHINA
2019-05,2019-04,TRADE_REMEDY_ADCVD,무역구제(반덤핑·상계관세),0.182449,0.018245,3,EP_CORE_ADCVD|EP_CRS_ADCVD|EP_HRS_ADCVD
2019-05,2019-04,ENERGY_SUPPLY,에너지 공급,0.0,0.106261,1,EP_JCPOA_RELIEF
2019-05,2019-04,SHIPPING_LOGISTICS,해상운송/물류,0.0,0.0,0,
2019-05,2019-04,PANDEMIC_EMERGENCY,팬데믹/비상사태,0.0,0.0,0,
2019-05,2019-04,INDUSTRIAL_SUPPLY_DEMAND,산업 수급,0.0,0.0,0,
2019-06,2019-05,GEOPOLITICAL_CONFLICT,지정학 분쟁,0.0,0.0,0,
2019-06,2019-05,TRADE_TARIFF_SANCTION,무역/관세/제재,0.318661,0.177778,2,EP_S232_STEEL|EP_S301_CHINA
2019-06,2019-05,TRADE_REMEDY_ADCVD,무역구제(반덤핑·상계관세),0.181706,0.018171,3,EP_CORE_ADCVD|EP_CRS_ADCVD|EP_HRS_ADCVD
2019-06,2019-05,ENERGY_SUPPLY,에너지 공급,0.0,0.105578,1,EP_JCPOA_RELIEF
2019-06,2019-05,SHIPPING_LOGISTICS,해상운송/물류,0.0,0.0,0,
2019-06,2019-05,PANDEMIC_EMERGENCY,팬데믹/비상사태,0.0,0.0,0,
2019-06,2019-05,INDUSTRIAL_SUPPLY_DEMAND,산업 수급,0.0,0.0,0,
2019-07,2019-06,GEOPOLITICAL_CONFLICT,지정학 분쟁,0.0,0.0,0,
2019-07,2019-06,TRADE_TARIFF_SANCTION,무역/관세/제재,0.30026,0.163635,2,EP_S232_STEEL|EP_S301_CHINA
2019-07,2019-06,TRADE_REMEDY_ADCVD,무역구제(반덤핑·상계관세),0.181081,0.018108,3,EP_CORE_ADCVD|EP_CRS_ADCVD|EP_HRS_ADCVD
2019-07,2019-06,ENERGY_SUPPLY,에너지 공급,0.0,0.104969,1,EP_JCPOA_RELIEF
2019-07,2019-06,SHIPPING_LOGISTICS,해상운송/물류,0.0,0.0,0,
2019-07,2019-06,PANDEMIC_EMERGENCY,팬데믹/비상사태,0.0,0.0,0,
2019-07,2019-06,INDUSTRIAL_SUPPLY_DEMAND,산업 수급,0.0,0.0,0,
2019-08,2019-07,GEOPOLITICAL_CONFLICT,지정학 분쟁,0.0,0.0,0,
2019-08,2019-07,TRADE_TARIFF_SANCTION,무역/관세/제재,0.283867,0.151743,2,EP_S232_STEEL|EP_S301_CHINA
2019-08,2019-07,TRADE_REMEDY_ADCVD,무역구제(반덤핑·상계관세),0.180556,0.018056,3,EP_CORE_ADCVD|EP_CRS_ADCVD|EP_HRS_ADCVD
2019-08,2019-07,ENERGY_SUPPLY,에너지 공급,0.0,0.104427,1,EP_JCPOA_RELIEF
2019-08,2019-07,SHIPPING_LOGISTICS,해상운송/물류,0.0,0.0,0,
2019-08,2019-07,PANDEMIC_EMERGENCY,팬데믹/비상사태,0.0,0.0,0,
2019-08,2019-07,INDUSTRIAL_SUPPLY_DEMAND,산업 수급,0.0,0.0,0,
2019-09,2019-08,GEOPOLITICAL_CONFLICT,지정학 분쟁,0.0,0.0,0,
2019-09,2019-08,TRADE_TARIFF_SANCTION,무역/관세/제재,0.269262,0.141743,2,EP_S232_STEEL|EP_S301_CHINA
2019-09,2019-08,TRADE_REMEDY_ADCVD,무역구제(반덤핑·상계관세),0.180114,0.018011,3,EP_CORE_ADCVD|EP_CRS_ADCVD|EP_HRS_ADCVD
2019-09,2019-08,ENERGY_SUPPLY,에너지 공급,0.0,0.103944,1,EP_JCPOA_RELIEF
2019-09,2019-08,SHIPPING_LOGISTICS,해상운송/물류,0.0,0.0,0,
2019-09,2019-08,PANDEMIC_EMERGENCY,팬데믹/비상사태,0.0,0.0,0,
2019-09,2019-08,INDUSTRIAL_SUPPLY_DEMAND,산업 수급,0.0,0.0,0,
2019-10,2019-09,GEOPOLITICAL_CONFLICT,지정학 분쟁,0.0,0.0,0,
2019-10,2019-09,TRADE_TARIFF_SANCTION,무역/관세/제재,0.25625,0.133333,2,EP_S232_STEEL|EP_S301_CHINA
2019-10,2019-09,TRADE_REMEDY_ADCVD,무역구제(반덤핑·상계관세),0.179742,0.017974,3,EP_CORE_ADCVD|EP_CRS_ADCVD|EP_HRS_ADCVD
2019-10,2019-09,ENERGY_SUPPLY,에너지 공급,0.0,0.103514,1,EP_JCPOA_RELIEF
2019-10,2019-09,SHIPPING_LOGISTICS,해상운송/물류,0.0,0.0,0,
2019-10,2019-09,PANDEMIC_EMERGENCY,팬데믹/비상사태,0.0,0.0,0,
2019-10,2019-09,INDUSTRIAL_SUPPLY_DEMAND,산업 수급,0.0,0.0,0,
2019-11,2019-10,GEOPOLITICAL_CONFLICT,지정학 분쟁,0.0,0.0,0,
2019-11,2019-10,TRADE_TARIFF_SANCTION,무역/관세/제재,0.244658,0.126262,2,EP_S232_STEEL|EP_S301_CHINA
2019-11,2019-10,TRADE_REMEDY_ADCVD,무역구제(반덤핑·상계관세),0.179429,0.017943,3,EP_CORE_ADCVD|EP_CRS_ADCVD|EP_HRS_ADCVD
2019-11,2019-10,ENERGY_SUPPLY,에너지 공급,0.0,0.10313,1,EP_JCPOA_RELIEF
2019-11,2019-10,SHIPPING_LOGISTICS,해상운송/물류,0.0,0.0,0,
2019-11,2019-10,PANDEMIC_EMERGENCY,팬데믹/비상사태,0.0,0.0,0,
2019-11,2019-10,INDUSTRIAL_SUPPLY_DEMAND,산업 수급,0.0,0.0,0,
2019-12,2019-11,GEOPOLITICAL_CONFLICT,지정학 분쟁,0.0,0.0,0,
2019-12,2019-11,TRADE_TARIFF_SANCTION,무역/관세/제재,0.234331,0.120316,2,EP_S232_STEEL|EP_S301_CHINA
2019-12,2019-11,TRADE_REMEDY_ADCVD,무역구제(반덤핑·상계관세),0.179167,0.017917,3,EP_CORE_ADCVD|EP_CRS_ADCVD|EP_HRS_ADCVD
2019-12,2019-11,ENERGY_SUPPLY,에너지 공급,0.0,0.102789,1,EP_JCPOA_RELIEF
2019-12,2019-11,SHIPPING_LOGISTICS,해상운송/물류,0.0,0.0,0,
2019-12,2019-11,PANDEMIC_EMERGENCY,팬데믹/비상사태,0.0,0.0,0,
2019-12,2019-11,INDUSTRIAL_SUPPLY_DEMAND,산업 수급,0.0,0.0,0,
2020-01,2019-12,GEOPOLITICAL_CONFLICT,지정학 분쟁,0.0,0.0,0,
2020-01,2019-12,TRADE_TARIFF_SANCTION,무역/관세/제재,0.22513,0.115316,2,EP_S232_STEEL|EP_S301_CHINA
2020-01,2019-12,TRADE_REMEDY_ADCVD,무역구제(반덤핑·상계관세),0.178946,0.017895,3,EP_CORE_ADCVD|EP_CRS_ADCVD|EP_HRS_ADCVD
2020-01,2019-12,ENERGY_SUPPLY,에너지 공급,0.0,0.102485,1,EP_JCPOA_RELIEF
2020-01,2019-12,SHIPPING_LOGISTICS,해상운송/물류,0.0,0.0,0,
2020-01,2019-12,PANDEMIC_EMERGENCY,팬데믹/비상사태,0.0,0.0,0,
2020-01,2019-12,INDUSTRIAL_SUPPLY_DEMAND,산업 수급,0.0,0.0,0,
2020-02,2020-01,GEOPOLITICAL_CONFLICT,지정학 분쟁,0.0,0.0,0,
2020-02,2020-01,TRADE_TARIFF_SANCTION,무역/관세/제재,1.0,0.35,2,EP_S232_STEEL|EP_S301_CHINA
2020-02,2020-01,TRADE_REMEDY_ADCVD,무역구제(반덤핑·상계관세),0.17876,0.017876,3,EP_CORE_ADCVD|EP_CRS_ADCVD|EP_HRS_ADCVD
2020-02,2020-01,ENERGY_SUPPLY,에너지 공급,0.0,0.102214,1,EP_JCPOA_RELIEF
2020-02,2020-01,SHIPPING_LOGISTICS,해상운송/물류,0.0,0.0,0,
2020-02,2020-01,PANDEMIC_EMERGENCY,팬데믹/비상사태,0.0,0.0,0,
2020-02,2020-01,INDUSTRIAL_SUPPLY_DEMAND,산업 수급,0.0,0.0,0,
2020-03,2020-02,GEOPOLITICAL_CONFLICT,지정학 분쟁,0.0,0.0,0,
2020-03,2020-02,TRADE_TARIFF_SANCTION,무역/관세/제재,0.872717,0.305451,2,EP_S232_STEEL|EP_S301_CHINA
2020-03,2020-02,TRADE_REMEDY_ADCVD,무역구제(반덤핑·상계관세),0.178604,0.01786,3,EP_CORE_ADCVD|EP_CRS_ADCVD|EP_HRS_ADCVD
2020-03,2020-02,ENERGY_SUPPLY,에너지 공급,0.0,0.101972,1,EP_JCPOA_RELIEF
2020-03,2020-02,SHIPPING_LOGISTICS,해상운송/물류,0.0,0.0,0,
2020-03,2020-02,PANDEMIC_EMERGENCY,팬데믹/비상사태,0.68,0.68,1,EP_COVID19
2020-03,2020-02,INDUSTRIAL_SUPPLY_DEMAND,산업 수급,0.0,0.0,0,
2020-04,2020-03,GEOPOLITICAL_CONFLICT,지정학 분쟁,0.0,0.0,0,
2020-04,2020-03,TRADE_TARIFF_SANCTION,무역/관세/제재,0.765685,0.26799,2,EP_S232_STEEL|EP_S301_CHINA
2020-04,2020-03,TRADE_REMEDY_ADCVD,무역구제(반덤핑·상계관세),0.178472,0.017847,3,EP_CORE_ADCVD|EP_CRS_ADCVD|EP_HRS_ADCVD
2020-04,2020-03,ENERGY_SUPPLY,에너지 공급,0.0,0.101757,1,EP_JCPOA_RELIEF
2020-04,2020-03,SHIPPING_LOGISTICS,해상운송/물류,0.0,0.0,0,
2020-04,2020-03,PANDEMIC_EMERGENCY,팬데믹/비상사태,0.8,0.8,1,EP_COVID19
2020-04,2020-03,INDUSTRIAL_SUPPLY_DEMAND,산업 수급,0.0,0.0,0,
2020-05,2020-04,GEOPOLITICAL_CONFLICT,지정학 분쟁,0.0,0.0,0,
2020-05,2020-04,TRADE_TARIFF_SANCTION,무역/관세/제재,0.675683,0.236489,2,EP_S232_STEEL|EP_S301_CHINA
2020-05,2020-04,TRADE_REMEDY_ADCVD,무역구제(반덤핑·상계관세),0.178362,0.017836,3,EP_CORE_ADCVD|EP_CRS_ADCVD|EP_HRS_ADCVD
2020-05,2020-04,ENERGY_SUPPLY,에너지 공급,0.0,0.101565,1,EP_JCPOA_RELIEF
2020-05,2020-04,SHIPPING_LOGISTICS,해상운송/물류,0.0,0.0,0,
2020-05,2020-04,PANDEMIC_EMERGENCY,팬데믹/비상사태,0.725811,0.725811,1,EP_COVID19
2020-05,2020-04,INDUSTRIAL_SUPPLY_DEMAND,산업 수급,0.0,0.0,0,
2020-06,2020-05,GEOPOLITICAL_CONFLICT,지정학 분쟁,0.0,0.0,0,
2020-06,2020-05,TRADE_TARIFF_SANCTION,무역/관세/제재,0.6,0.21,2,EP_S232_STEEL|EP_S301_CHINA
2020-06,2020-05,TRADE_REMEDY_ADCVD,무역구제(반덤핑·상계관세),0.178269,0.017827,3,EP_CORE_ADCVD|EP_CRS_ADCVD|EP_HRS_ADCVD
2020-06,2020-05,ENERGY_SUPPLY,에너지 공급,0.0,0.101394,1,EP_JCPOA_RELIEF
2020-06,2020-05,SHIPPING_LOGISTICS,해상운송/물류,0.0,0.0,0,
2020-06,2020-05,PANDEMIC_EMERGENCY,팬데믹/비상사태,0.659716,0.659716,1,EP_COVID19
2020-06,2020-05,INDUSTRIAL_SUPPLY_DEMAND,산업 수급,0.0,0.0,0,
2020-07,2020-06,GEOPOLITICAL_CONFLICT,지정학 분쟁,0.0,0.0,0,
2020-07,2020-06,TRADE_TARIFF_SANCTION,무역/관세/제재,0.536359,0.187725,2,EP_S232_STEEL|EP_S301_CHINA
2020-07,2020-06,TRADE_REMEDY_ADCVD,무역구제(반덤핑·상계관세),0.178191,0.017819,3,EP_CORE_ADCVD|EP_CRS_ADCVD|EP_HRS_ADCVD
2020-07,2020-06,ENERGY_SUPPLY,에너지 공급,0.0,0.101242,1,EP_JCPOA_RELIEF
2020-07,2020-06,SHIPPING_LOGISTICS,해상운송/물류,0.0,0.0,0,
2020-07,2020-06,PANDEMIC_EMERGENCY,팬데믹/비상사태,0.600833,0.600833,1,EP_COVID19
2020-07,2020-06,INDUSTRIAL_SUPPLY_DEMAND,산업 수급,0.0,0.0,0,
2020-08,2020-07,GEOPOLITICAL_CONFLICT,지정학 분쟁,0.0,0.0,0,
2020-08,2020-07,TRADE_TARIFF_SANCTION,무역/관세/제재,0.482843,0.168995,2,EP_S232_STEEL|EP_S301_CHINA
2020-08,2020-07,TRADE_REMEDY_ADCVD,무역구제(반덤핑·상계관세),0.178125,0.017813,3,EP_CORE_ADCVD|EP_CRS_ADCVD|EP_HRS_ADCVD
2020-08,2020-07,ENERGY_SUPPLY,에너지 공급,0.0,0.101107,1,EP_JCPOA_RELIEF
2020-08,2020-07,SHIPPING_LOGISTICS,해상운송/물류,0.0,0.0,0,
2020-08,2020-07,PANDEMIC_EMERGENCY,팬데믹/비상사태,0.548373,0.548373,1,EP_COVID19
2020-08,2020-07,INDUSTRIAL_SUPPLY_DEMAND,산업 수급,0.0,0.0,0,
2020-09,2020-08,GEOPOLITICAL_CONFLICT,지정학 분쟁,0.0,0.0,0,
2020-09,2020-08,TRADE_TARIFF_SANCTION,무역/관세/제재,0.437841,0.153244,2,EP_S232_STEEL|EP_S301_CHINA
2020-09,2020-08,TRADE_REMEDY_ADCVD,무역구제(반덤핑·상계관세),0.17807,0.017807,3,EP_CORE_ADCVD|EP_CRS_ADCVD|EP_HRS_ADCVD
2020-09,2020-08,ENERGY_SUPPLY,에너지 공급,0.0,0.100986,1,EP_JCPOA_RELIEF
2020-09,2020-08,SHIPPING_LOGISTICS,해상운송/물류,0.0,0.0,0,
2020-09,2020-08,PANDEMIC_EMERGENCY,팬데믹/비상사태,0.501637,0.501637,1,EP_COVID19
2020-09,2020-08,INDUSTRIAL_SUPPLY_DEMAND,산업 수급,0.0,0.0,0,
2020-10,2020-09,GEOPOLITICAL_CONFLICT,지정학 분쟁,0.0,0.0,0,
2020-10,2020-09,TRADE_TARIFF_SANCTION,무역/관세/제재,0.4,0.14,2,EP_S232_STEEL|EP_S301_CHINA
2020-10,2020-09,TRADE_REMEDY_ADCVD,무역구제(반덤핑·상계관세),0.178023,0.017802,3,EP_CORE_ADCVD|EP_CRS_ADCVD|EP_HRS_ADCVD
2020-10,2020-09,ENERGY_SUPPLY,에너지 공급,0.0,0.100878,1,EP_JCPOA_RELIEF
2020-10,2020-09,SHIPPING_LOGISTICS,해상운송/물류,0.0,0.0,0,
2020-10,2020-09,PANDEMIC_EMERGENCY,팬데믹/비상사태,0.46,0.46,1,EP_COVID19
2020-10,2020-09,INDUSTRIAL_SUPPLY_DEMAND,산업 수급,0.0,0.0,0,
2020-11,2020-10,GEOPOLITICAL_CONFLICT,지정학 분쟁,0.0,0.0,0,
2020-11,2020-10,TRADE_TARIFF_SANCTION,무역/관세/제재,0.368179,0.128863,2,EP_S232_STEEL|EP_S301_CHINA
2020-11,2020-10,TRADE_REMEDY_ADCVD,무역구제(반덤핑·상계관세),0.177984,0.017798,3,EP_CORE_ADCVD|EP_CRS_ADCVD|EP_HRS_ADCVD
2020-11,2020-10,ENERGY_SUPPLY,에너지 공급,0.0,0.100783,1,EP_JCPOA_RELIEF
2020-11,2020-10,SHIPPING_LOGISTICS,해상운송/물류,0.0,0.0,0,
2020-11,2020-10,PANDEMIC_EMERGENCY,팬데믹/비상사태,0.422906,0.422906,1,EP_COVID19
2020-11,2020-10,INDUSTRIAL_SUPPLY_DEMAND,산업 수급,0.0,0.0,0,
2020-12,2020-11,GEOPOLITICAL_CONFLICT,지정학 분쟁,0.0,0.0,0,
2020-12,2020-11,TRADE_TARIFF_SANCTION,무역/관세/제재,0.341421,0.119497,2,EP_S232_STEEL|EP_S301_CHINA
2020-12,2020-11,TRADE_REMEDY_ADCVD,무역구제(반덤핑·상계관세),0.177951,0.017795,3,EP_CORE_ADCVD|EP_CRS_ADCVD|EP_HRS_ADCVD
2020-12,2020-11,ENERGY_SUPPLY,에너지 공급,0.0,0.100697,1,EP_JCPOA_RELIEF
2020-12,2020-11,SHIPPING_LOGISTICS,해상운송/물류,0.0,0.0,0,
2020-12,2020-11,PANDEMIC_EMERGENCY,팬데믹/비상사태,0.389858,0.389858,1,EP_COVID19
2020-12,2020-11,INDUSTRIAL_SUPPLY_DEMAND,산업 수급,0.0,0.0,0,
2021-01,2020-12,GEOPOLITICAL_CONFLICT,지정학 분쟁,0.0,0.0,0,
2021-01,2020-12,TRADE_TARIFF_SANCTION,무역/관세/제재,0.318921,0.111622,2,EP_S232_STEEL|EP_S301_CHINA
2021-01,2020-12,TRADE_REMEDY_ADCVD,무역구제(반덤핑·상계관세),0.177924,0.017792,3,EP_CORE_ADCVD|EP_CRS_ADCVD|EP_HRS_ADCVD
2021-01,2020-12,ENERGY_SUPPLY,에너지 공급,0.0,0.100621,1,EP_JCPOA_RELIEF
2021-01,2020-12,SHIPPING_LOGISTICS,해상운송/물류,0.0,0.0,0,
2021-01,2020-12,PANDEMIC_EMERGENCY,팬데믹/비상사태,0.360416,0.360416,1,EP_COVID19
2021-01,2020-12,INDUSTRIAL_SUPPLY_DEMAND,산업 수급,0.0,0.0,0,
2021-02,2021-01,GEOPOLITICAL_CONFLICT,지정학 분쟁,0.0,0.0,0,
2021-02,2021-01,TRADE_TARIFF_SANCTION,무역/관세/제재,0.3,0.105,2,EP_S232_STEEL|EP_S301_CHINA
2021-02,2021-01,TRADE_REMEDY_ADCVD,무역구제(반덤핑·상계관세),0.177901,0.01779,3,EP_CORE_ADCVD|EP_CRS_ADCVD|EP_HRS_ADCVD
2021-02,2021-01,ENERGY_SUPPLY,에너지 공급,0.0,0.100553,1,EP_JCPOA_RELIEF
2021-02,2021-01,SHIPPING_LOGISTICS,해상운송/물류,0.0,0.0,0,
2021-02,2021-01,PANDEMIC_EMERGENCY,팬데믹/비상사태,0.334187,0.334187,1,EP_COVID19
2021-02,2021-01,INDUSTRIAL_SUPPLY_DEMAND,산업 수급,0.0,0.0,0,
2021-03,2021-02,GEOPOLITICAL_CONFLICT,지정학 분쟁,0.0,0.0,0,
2021-03,2021-02,TRADE_TARIFF_SANCTION,무역/관세/제재,0.28409,0.099431,2,EP_S232_STEEL|EP_S301_CHINA
2021-03,2021-02,TRADE_REMEDY_ADCVD,무역구제(반덤핑·상계관세),0.177881,0.017788,3,EP_CORE_ADCVD|EP_CRS_ADCVD|EP_HRS_ADCVD
2021-03,2021-02,ENERGY_SUPPLY,에너지 공급,0.666667,0.133333,2,EP_JCPOA_RELIEF|EP_TX_GRID_EMERGENCY_2021
2021-03,2021-02,SHIPPING_LOGISTICS,해상운송/물류,0.0,0.0,0,
2021-03,2021-02,PANDEMIC_EMERGENCY,팬데믹/비상사태,0.310819,0.310819,1,EP_COVID19
2021-03,2021-02,INDUSTRIAL_SUPPLY_DEMAND,산업 수급,0.0,0.0,0,
2021-04,2021-03,GEOPOLITICAL_CONFLICT,지정학 분쟁,0.0,0.0,0,
2021-04,2021-03,TRADE_TARIFF_SANCTION,무역/관세/제재,0.270711,0.094749,2,EP_S232_STEEL|EP_S301_CHINA
2021-04,2021-03,TRADE_REMEDY_ADCVD,무역구제(반덤핑·상계관세),0.177865,0.017786,3,EP_CORE_ADCVD|EP_CRS_ADCVD|EP_HRS_ADCVD
2021-04,2021-03,ENERGY_SUPPLY,에너지 공급,0.604843,0.120969,2,EP_JCPOA_RELIEF|EP_TX_GRID_EMERGENCY_2021
2021-04,2021-03,SHIPPING_LOGISTICS,해상운송/물류,0.0,0.0,0,
2021-04,2021-03,PANDEMIC_EMERGENCY,팬데믹/비상사태,0.29,0.29,1,EP_COVID19
2021-04,2021-03,INDUSTRIAL_SUPPLY_DEMAND,산업 수급,0.0,0.0,0,
2021-05,2021-04,GEOPOLITICAL_CONFLICT,지정학 분쟁,0.0,0.0,0,
2021-05,2021-04,TRADE_TARIFF_SANCTION,무역/관세/제재,0.25946,0.090811,2,EP_S232_STEEL|EP_S301_CHINA
2021-05,2021-04,TRADE_REMEDY_ADCVD,무역구제(반덤핑·상계관세),0.177851,0.017785,3,EP_CORE_ADCVD|EP_CRS_ADCVD|EP_HRS_ADCVD
2021-05,2021-04,ENERGY_SUPPLY,에너지 공급,0.0,0.100391,1,EP_JCPOA_RELIEF
2021-05,2021-04,SHIPPING_LOGISTICS,해상운송/물류,0.0,0.0,0,
2021-05,2021-04,PANDEMIC_EMERGENCY,팬데믹/비상사태,0.271453,0.271453,1,EP_COVID19
2021-05,2021-04,INDUSTRIAL_SUPPLY_DEMAND,산업 수급,0.0,0.0,0,
2021-06,2021-05,GEOPOLITICAL_CONFLICT,지정학 분쟁,0.0,0.0,0,
2021-06,2021-05,TRADE_TARIFF_SANCTION,무역/관세/제재,0.25,0.090278,2,EP_S232_STEEL|EP_S301_CHINA
2021-06,2021-05,TRADE_REMEDY_ADCVD,무역구제(반덤핑·상계관세),0.177839,0.017784,3,EP_CORE_ADCVD|EP_CRS_ADCVD|EP_HRS_ADCVD
2021-06,2021-05,ENERGY_SUPPLY,에너지 공급,0.0,0.100349,1,EP_JCPOA_RELIEF
2021-06,2021-05,SHIPPING_LOGISTICS,해상운송/물류,0.0,0.0,0,
2021-06,2021-05,PANDEMIC_EMERGENCY,팬데믹/비상사태,0.254929,0.254929,1,EP_COVID19
2021-06,2021-05,INDUSTRIAL_SUPPLY_DEMAND,산업 수급,0.0,0.0,0,
2021-07,2021-06,GEOPOLITICAL_CONFLICT,지정학 분쟁,0.0,0.0,0,
2021-07,2021-06,TRADE_TARIFF_SANCTION,무역/관세/제재,0.242045,0.090057,2,EP_S232_STEEL|EP_S301_CHINA
2021-07,2021-06,TRADE_REMEDY_ADCVD,무역구제(반덤핑·상계관세),0.177829,0.017783,3,EP_CORE_ADCVD|EP_CRS_ADCVD|EP_HRS_ADCVD
2021-07,2021-06,ENERGY_SUPPLY,에너지 공급,0.0,0.100311,1,EP_JCPOA_RELIEF
2021-07,2021-06,SHIPPING_LOGISTICS,해상운송/물류,0.0,0.0,0,
2021-07,2021-06,PANDEMIC_EMERGENCY,팬데믹/비상사태,0.240208,0.240208,1,EP_COVID19
2021-07,2021-06,INDUSTRIAL_SUPPLY_DEMAND,산업 수급,0.0,0.0,0,
2021-08,2021-07,GEOPOLITICAL_CONFLICT,지정학 분쟁,0.0,0.0,0,
2021-08,2021-07,TRADE_TARIFF_SANCTION,무역/관세/제재,0.235355,0.089871,2,EP_S232_STEEL|EP_S301_CHINA
2021-08,2021-07,TRADE_REMEDY_ADCVD,무역구제(반덤핑·상계관세),0.177821,0.017782,3,EP_CORE_ADCVD|EP_CRS_ADCVD|EP_HRS_ADCVD
2021-08,2021-07,ENERGY_SUPPLY,에너지 공급,0.0,0.100277,1,EP_JCPOA_RELIEF
2021-08,2021-07,SHIPPING_LOGISTICS,해상운송/물류,0.0,0.0,0,
2021-08,2021-07,PANDEMIC_EMERGENCY,팬데믹/비상사태,0.227093,0.227093,1,EP_COVID19
2021-08,2021-07,INDUSTRIAL_SUPPLY_DEMAND,산업 수급,0.0,0.0,0,
2021-09,2021-08,GEOPOLITICAL_CONFLICT,지정학 분쟁,0.0,0.0,0,
2021-09,2021-08,TRADE_TARIFF_SANCTION,무역/관세/제재,0.22973,0.089715,2,EP_S232_STEEL|EP_S301_CHINA
2021-09,2021-08,TRADE_REMEDY_ADCVD,무역구제(반덤핑·상계관세),0.177814,0.017781,3,EP_CORE_ADCVD|EP_CRS_ADCVD|EP_HRS_ADCVD
2021-09,2021-08,ENERGY_SUPPLY,에너지 공급,0.0,0.100247,1,EP_JCPOA_RELIEF
2021-09,2021-08,SHIPPING_LOGISTICS,해상운송/물류,0.0,0.0,0,
2021-09,2021-08,PANDEMIC_EMERGENCY,팬데믹/비상사태,0.215409,0.215409,1,EP_COVID19
2021-09,2021-08,INDUSTRIAL_SUPPLY_DEMAND,산업 수급,0.0,0.0,0,
2021-10,2021-09,GEOPOLITICAL_CONFLICT,지정학 분쟁,0.0,0.0,0,
2021-10,2021-09,TRADE_TARIFF_SANCTION,무역/관세/제재,0.225,0.089583,2,EP_S232_STEEL|EP_S301_CHINA
2021-10,2021-09,TRADE_REMEDY_ADCVD,무역구제(반덤핑·상계관세),0.177808,0.017781,3,EP_CORE_ADCVD|EP_CRS_ADCVD|EP_HRS_ADCVD
2021-10,2021-09,ENERGY_SUPPLY,에너지 공급,0.0,0.10022,1,EP_JCPOA_RELIEF
2021-10,2021-09,SHIPPING_LOGISTICS,해상운송/물류,0.0,0.0,0,
2021-10,2021-09,PANDEMIC_EMERGENCY,팬데믹/비상사태,0.205,0.205,1,EP_COVID19
2021-10,2021-09,INDUSTRIAL_SUPPLY_DEMAND,산업 수급,0.0,0.0,0,
2021-11,2021-10,GEOPOLITICAL_CONFLICT,지정학 분쟁,0.0,0.0,0,
2021-11,2021-10,TRADE_TARIFF_SANCTION,무역/관세/제재,0.221022,0.089473,2,EP_S232_STEEL|EP_S301_CHINA
2021-11,2021-10,TRADE_REMEDY_ADCVD,무역구제(반덤핑·상계관세),0.177804,0.01778,3,EP_CORE_ADCVD|EP_CRS_ADCVD|EP_HRS_ADCVD
2021-11,2021-10,ENERGY_SUPPLY,에너지 공급,0.0,0.100196,1,EP_JCPOA_RELIEF
2021-11,2021-10,SHIPPING_LOGISTICS,해상운송/물류,0.0,0.0,0,
2021-11,2021-10,PANDEMIC_EMERGENCY,팬데믹/비상사태,0.195726,0.195726,1,EP_COVID19
2021-11,2021-10,INDUSTRIAL_SUPPLY_DEMAND,산업 수급,0.0,0.0,0,
2021-12,2021-11,GEOPOLITICAL_CONFLICT,지정학 분쟁,0.0,0.0,0,
2021-12,2021-11,TRADE_TARIFF_SANCTION,무역/관세/제재,0.217678,0.08938,2,EP_S232_STEEL|EP_S301_CHINA
2021-12,2021-11,TRADE_REMEDY_ADCVD,무역구제(반덤핑·상계관세),0.177799,0.01778,3,EP_CORE_ADCVD|EP_CRS_ADCVD|EP_HRS_ADCVD
2021-12,2021-11,ENERGY_SUPPLY,에너지 공급,0.0,0.100174,1,EP_JCPOA_RELIEF
2021-12,2021-11,SHIPPING_LOGISTICS,해상운송/물류,0.0,0.0,0,
2021-12,2021-11,PANDEMIC_EMERGENCY,팬데믹/비상사태,0.187465,0.187465,1,EP_COVID19
2021-12,2021-11,INDUSTRIAL_SUPPLY_DEMAND,산업 수급,0.0,0.0,0,
2022-01,2021-12,GEOPOLITICAL_CONFLICT,지정학 분쟁,0.0,0.0,0,
2022-01,2021-12,TRADE_TARIFF_SANCTION,무역/관세/제재,0.214865,0.089302,2,EP_S232_STEEL|EP_S301_CHINA
2022-01,2021-12,TRADE_REMEDY_ADCVD,무역구제(반덤핑·상계관세),0.177796,0.01778,3,EP_CORE_ADCVD|EP_CRS_ADCVD|EP_HRS_ADCVD
2022-01,2021-12,ENERGY_SUPPLY,에너지 공급,0.0,0.100155,1,EP_JCPOA_RELIEF
2022-01,2021-12,SHIPPING_LOGISTICS,해상운송/물류,0.0,0.0,0,
2022-01,2021-12,PANDEMIC_EMERGENCY,팬데믹/비상사태,0.180104,0.180104,1,EP_COVID19
2022-01,2021-12,INDUSTRIAL_SUPPLY_DEMAND,산업 수급,0.0,0.0,0,
2022-02,2022-01,GEOPOLITICAL_CONFLICT,지정학 분쟁,0.0,0.0,0,
2022-02,2022-01,TRADE_TARIFF_SANCTION,무역/관세/제재,0.2125,0.089236,2,EP_S232_STEEL|EP_S301_CHINA
2022-02,2022-01,TRADE_REMEDY_ADCVD,무역구제(반덤핑·상계관세),0.177793,0.017779,3,EP_CORE_ADCVD|EP_CRS_ADCVD|EP_HRS_ADCVD
2022-02,2022-01,ENERGY_SUPPLY,에너지 공급,0.0,0.100138,1,EP_JCPOA_RELIEF
2022-02,2022-01,SHIPPING_LOGISTICS,해상운송/물류,0.0,0.0,0,
2022-02,2022-01,PANDEMIC_EMERGENCY,팬데믹/비상사태,0.173547,0.173547,1,EP_COVID19
2022-02,2022-01,INDUSTRIAL_SUPPLY_DEMAND,산업 수급,0.0,0.0,0,
2022-03,2022-02,GEOPOLITICAL_CONFLICT,지정학 분쟁,0.888889,0.311111,1,EP_RU_UA_CONFLICT
2022-03,2022-02,TRADE_TARIFF_SANCTION,무역/관세/제재,0.210511,0.089181,2,EP_S232_STEEL|EP_S301_CHINA
2022-03,2022-02,TRADE_REMEDY_ADCVD,무역구제(반덤핑·상계관세),0.177791,0.017779,3,EP_CORE_ADCVD|EP_CRS_ADCVD|EP_HRS_ADCVD
2022-03,2022-02,ENERGY_SUPPLY,에너지 공급,0.0,0.100123,1,EP_JCPOA_RELIEF
2022-03,2022-02,SHIPPING_LOGISTICS,해상운송/물류,0.0,0.0,0,
2022-03,2022-02,PANDEMIC_EMERGENCY,팬데믹/비상사태,0.167705,0.167705,1,EP_COVID19
2022-03,2022-02,INDUSTRIAL_SUPPLY_DEMAND,산업 수급,0.0,0.0,0,
2022-04,2022-03,GEOPOLITICAL_CONFLICT,지정학 분쟁,0.775749,0.271512,1,EP_RU_UA_CONFLICT
2022-04,2022-03,TRADE_TARIFF_SANCTION,무역/관세/제재,0.8,0.355556,3,EP_RUSSIA_SANCTIONS|EP_S232_STEEL|EP_S301_CHINA
2022-04,2022-03,TRADE_REMEDY_ADCVD,무역구제(반덤핑·상계관세),0.177789,0.017779,3,EP_CORE_ADCVD|EP_CRS_ADCVD|EP_HRS_ADCVD
2022-04,2022-03,ENERGY_SUPPLY,에너지 공급,0.888889,0.10011,2,EP_JCPOA_RELIEF|EP_RU_ENERGY_BAN
2022-04,2022-03,SHIPPING_LOGISTICS,해상운송/물류,0.0,0.0,0,
2022-04,2022-03,PANDEMIC_EMERGENCY,팬데믹/비상사태,0.1625,0.1625,1,EP_COVID19
2022-04,2022-03,INDUSTRIAL_SUPPLY_DEMAND,산업 수급,0.0,0.0,0,
2022-05,2022-04,GEOPOLITICAL_CONFLICT,지정학 분쟁,0.680609,0.238213,1,EP_RU_UA_CONFLICT
2022-05,2022-04,TRADE_TARIFF_SANCTION,무역/관세/제재,0.8,0.355556,3,EP_RUSSIA_SANCTIONS|EP_S232_STEEL|EP_S301_CHINA
2022-05,2022-04,TRADE_REMEDY_ADCVD,무역구제(반덤핑·상계관세),0.177787,0.017779,3,EP_CORE_ADCVD|EP_CRS_ADCVD|EP_HRS_ADCVD
2022-05,2022-04,ENERGY_SUPPLY,에너지 공급,0.806457,0.100098,2,EP_JCPOA_RELIEF|EP_RU_ENERGY_BAN
2022-05,2022-04,SHIPPING_LOGISTICS,해상운송/물류,0.0,0.0,0,
2022-05,2022-04,PANDEMIC_EMERGENCY,팬데믹/비상사태,0.157863,0.157863,1,EP_COVID19
2022-05,2022-04,INDUSTRIAL_SUPPLY_DEMAND,산업 수급,0.0,0.0,0,
2022-06,2022-05,GEOPOLITICAL_CONFLICT,지정학 분쟁,0.600607,0.210212,1,EP_RU_UA_CONFLICT
2022-06,2022-05,TRADE_TARIFF_SANCTION,무역/관세/제재,0.698174,0.310299,3,EP_RUSSIA_SANCTIONS|EP_S232_STEEL|EP_S301_CHINA
2022-06,2022-05,TRADE_REMEDY_ADCVD,무역구제(반덤핑·상계관세),0.177785,0.017779,3,EP_CORE_ADCVD|EP_CRS_ADCVD|EP_HRS_ADCVD
2022-06,2022-05,ENERGY_SUPPLY,에너지 공급,0.733018,0.100087,2,EP_JCPOA_RELIEF|EP_RU_ENERGY_BAN
2022-06,2022-05,SHIPPING_LOGISTICS,해상운송/물류,0.0,0.0,0,
2022-06,2022-05,PANDEMIC_EMERGENCY,팬데믹/비상사태,0.153732,0.153732,1,EP_COVID19
2022-06,2022-05,INDUSTRIAL_SUPPLY_DEMAND,산업 수급,0.0,0.0,0,
2022-07,2022-06,GEOPOLITICAL_CONFLICT,지정학 분쟁,0.533333,0.186667,1,EP_RU_UA_CONFLICT
2022-07,2022-06,TRADE_TARIFF_SANCTION,무역/관세/제재,0.612548,0.272244,3,EP_RUSSIA_SANCTIONS|EP_S232_STEEL|EP_S301_CHINA
2022-07,2022-06,TRADE_REMEDY_ADCVD,무역구제(반덤핑·상계관세),0.177784,0.017778,3,EP_CORE_ADCVD|EP_CRS_ADCVD|EP_HRS_ADCVD
2022-07,2022-06,ENERGY_SUPPLY,에너지 공급,0.667592,0.100078,2,EP_JCPOA_RELIEF|EP_RU_ENERGY_BAN
2022-07,2022-06,SHIPPING_LOGISTICS,해상운송/물류,0.0,0.0,0,
2022-07,2022-06,PANDEMIC_EMERGENCY,팬데믹/비상사태,0.150052,0.150052,1,EP_COVID19
2022-07,2022-06,INDUSTRIAL_SUPPLY_DEMAND,산업 수급,0.0,0.0,0,
2022-08,2022-07,GEOPOLITICAL_CONFLICT,지정학 분쟁,0.476763,0.166867,1,EP_RU_UA_CONFLICT
2022-08,2022-07,TRADE_TARIFF_SANCTION,무역/관세/제재,0.548373,0.243721,3,EP_RUSSIA_SANCTIONS|EP_S232_STEEL|EP_S301_CHINA
2022-08,2022-07,TRADE_REMEDY_ADCVD,무역구제(반덤핑·상계관세),0.177783,0.017778,3,EP_CORE_ADCVD|EP_CRS_ADCVD|EP_HRS_ADCVD
2022-08,2022-07,ENERGY_SUPPLY,에너지 공급,0.609304,0.100069,2,EP_JCPOA_RELIEF|EP_RU_ENERGY_BAN
2022-08,2022-07,SHIPPING_LOGISTICS,해상운송/물류,0.0,0.0,0,
2022-08,2022-07,PANDEMIC_EMERGENCY,팬데믹/비상사태,0.146773,0.146773,1,EP_COVID19
2022-08,2022-07,INDUSTRIAL_SUPPLY_DEMAND,산업 수급,0.0,0.0,0,
2022-09,2022-08,GEOPOLITICAL_CONFLICT,지정학 분쟁,0.429194,0.150218,1,EP_RU_UA_CONFLICT
2022-09,2022-08,TRADE_TARIFF_SANCTION,무역/관세/제재,0.501637,0.22295,3,EP_RUSSIA_SANCTIONS|EP_S232_STEEL|EP_S301_CHINA
2022-09,2022-08,TRADE_REMEDY_ADCVD,무역구제(반덤핑·상계관세),0.177782,0.017778,3,EP_CORE_ADCVD|EP_CRS_ADCVD|EP_HRS_ADCVD
2022-09,2022-08,ENERGY_SUPPLY,에너지 공급,0.557375,0.100062,2,EP_JCPOA_RELIEF|EP_RU_ENERGY_BAN
2022-09,2022-08,SHIPPING_LOGISTICS,해상운송/물류,0.0,0.0,0,
2022-09,2022-08,PANDEMIC_EMERGENCY,팬데믹/비상사태,0.143852,0.143852,1,EP_COVID19
2022-09,2022-08,INDUSTRIAL_SUPPLY_DEMAND,산업 수급,0.0,0.0,0,
2022-10,2022-09,GEOPOLITICAL_CONFLICT,지정학 분쟁,0.389192,0.136217,1,EP_RU_UA_CONFLICT
2022-10,2022-09,TRADE_TARIFF_SANCTION,무역/관세/제재,0.46,0.204444,3,EP_RUSSIA_SANCTIONS|EP_S232_STEEL|EP_S301_CHINA
2022-10,2022-09,TRADE_REMEDY_ADCVD,무역구제(반덤핑·상계관세),0.177782,0.017778,3,EP_CORE_ADCVD|EP_CRS_ADCVD|EP_HRS_ADCVD
2022-10,2022-09,ENERGY_SUPPLY,에너지 공급,0.511111,0.100055,2,EP_JCPOA_RELIEF|EP_RU_ENERGY_BAN
2022-10,2022-09,SHIPPING_LOGISTICS,해상운송/물류,0.0,0.0,0,
2022-10,2022-09,PANDEMIC_EMERGENCY,팬데믹/비상사태,0.14125,0.14125,1,EP_COVID19
2022-10,2022-09,INDUSTRIAL_SUPPLY_DEMAND,산업 수급,0.0,0.0,0,
2022-11,2022-10,GEOPOLITICAL_CONFLICT,지정학 분쟁,0.355556,0.124444,1,EP_RU_UA_CONFLICT
2022-11,2022-10,TRADE_TARIFF_SANCTION,무역/관세/제재,0.422906,0.187958,3,EP_RUSSIA_SANCTIONS|EP_S232_STEEL|EP_S301_CHINA
2022-11,2022-10,TRADE_REMEDY_ADCVD,무역구제(반덤핑·상계관세),0.177781,0.017778,3,EP_CORE_ADCVD|EP_CRS_ADCVD|EP_HRS_ADCVD
2022-11,2022-10,ENERGY_SUPPLY,에너지 공급,0.469895,0.100049,2,EP_JCPOA_RELIEF|EP_RU_ENERGY_BAN
2022-11,2022-10,SHIPPING_LOGISTICS,해상운송/물류,0.0,0.0,0,
2022-11,2022-10,PANDEMIC_EMERGENCY,팬데믹/비상사태,0.138932,0.138932,1,EP_COVID19
2022-11,2022-10,INDUSTRIAL_SUPPLY_DEMAND,산업 수급,0.0,0.0,0,
2022-12,2022-11,GEOPOLITICAL_CONFLICT,지정학 분쟁,0.32727,0.114545,1,EP_RU_UA_CONFLICT
2022-12,2022-11,TRADE_TARIFF_SANCTION,무역/관세/제재,0.389858,0.17327,3,EP_RUSSIA_SANCTIONS|EP_S232_STEEL|EP_S301_CHINA
2022-12,2022-11,TRADE_REMEDY_ADCVD,무역구제(반덤핑·상계관세),0.17778,0.017778,3,EP_CORE_ADCVD|EP_CRS_ADCVD|EP_HRS_ADCVD
2022-12,2022-11,ENERGY_SUPPLY,에너지 공급,0.433176,0.100044,2,EP_JCPOA_RELIEF|EP_RU_ENERGY_BAN
2022-12,2022-11,SHIPPING_LOGISTICS,해상운송/물류,0.0,0.0,0,
2022-12,2022-11,PANDEMIC_EMERGENCY,팬데믹/비상사태,0.136866,0.136866,1,EP_COVID19
2022-12,2022-11,INDUSTRIAL_SUPPLY_DEMAND,산업 수급,0.0,0.0,0,
2023-01,2022-12,GEOPOLITICAL_CONFLICT,지정학 분쟁,0.303486,0.10622,1,EP_RU_UA_CONFLICT
2023-01,2022-12,TRADE_TARIFF_SANCTION,무역/관세/제재,0.360416,0.160185,3,EP_RUSSIA_SANCTIONS|EP_S232_STEEL|EP_S301_CHINA
2023-01,2022-12,TRADE_REMEDY_ADCVD,무역구제(반덤핑·상계관세),0.17778,0.017778,3,EP_CORE_ADCVD|EP_CRS_ADCVD|EP_HRS_ADCVD
2023-01,2022-12,ENERGY_SUPPLY,에너지 공급,0.400463,0.100039,2,EP_JCPOA_RELIEF|EP_RU_ENERGY_BAN
2023-01,2022-12,SHIPPING_LOGISTICS,해상운송/물류,0.0,0.0,0,
2023-01,2022-12,PANDEMIC_EMERGENCY,팬데믹/비상사태,0.135026,0.135026,1,EP_COVID19
2023-01,2022-12,INDUSTRIAL_SUPPLY_DEMAND,산업 수급,0.0,0.0,0,
2023-02,2023-01,GEOPOLITICAL_CONFLICT,지정학 분쟁,0.283485,0.09922,1,EP_RU_UA_CONFLICT
2023-02,2023-01,TRADE_TARIFF_SANCTION,무역/관세/제재,0.334187,0.148527,3,EP_RUSSIA_SANCTIONS|EP_S232_STEEL|EP_S301_CHINA
2023-02,2023-01,TRADE_REMEDY_ADCVD,무역구제(반덤핑·상계관세),0.17778,0.017778,3,EP_CORE_ADCVD|EP_CRS_ADCVD|EP_HRS_ADCVD
2023-02,2023-01,ENERGY_SUPPLY,에너지 공급,0.371318,0.100035,2,EP_JCPOA_RELIEF|EP_RU_ENERGY_BAN
2023-02,2023-01,SHIPPING_LOGISTICS,해상운송/물류,0.0,0.0,0,
2023-02,2023-01,PANDEMIC_EMERGENCY,팬데믹/비상사태,0.133387,0.133387,1,EP_COVID19
2023-02,2023-01,INDUSTRIAL_SUPPLY_DEMAND,산업 수급,0.0,0.0,0,
2023-03,2023-02,GEOPOLITICAL_CONFLICT,지정학 분쟁,0.266667,0.093333,1,EP_RU_UA_CONFLICT
2023-03,2023-02,TRADE_TARIFF_SANCTION,무역/관세/제재,0.310819,0.138142,3,EP_RUSSIA_SANCTIONS|EP_S232_STEEL|EP_S301_CHINA
2023-03,2023-02,TRADE_REMEDY_ADCVD,무역구제(반덤핑·상계관세),0.177779,0.017778,3,EP_CORE_ADCVD|EP_CRS_ADCVD|EP_HRS_ADCVD
2023-03,2023-02,ENERGY_SUPPLY,에너지 공급,0.345354,0.100031,2,EP_JCPOA_RELIEF|EP_RU_ENERGY_BAN
2023-03,2023-02,SHIPPING_LOGISTICS,해상운송/물류,0.0,0.0,0,
2023-03,2023-02,PANDEMIC_EMERGENCY,팬데믹/비상사태,0.131926,0.131926,1,EP_COVID19
2023-03,2023-02,INDUSTRIAL_SUPPLY_DEMAND,산업 수급,0.0,0.0,0,
2023-04,2023-03,GEOPOLITICAL_CONFLICT,지정학 분쟁,0.252524,0.088383,1,EP_RU_UA_CONFLICT
2023-04,2023-03,TRADE_TARIFF_SANCTION,무역/관세/제재,0.29,0.128889,3,EP_RUSSIA_SANCTIONS|EP_S232_STEEL|EP_S301_CHINA
2023-04,2023-03,TRADE_REMEDY_ADCVD,무역구제(반덤핑·상계관세),0.177779,0.017778,3,EP_CORE_ADCVD|EP_CRS_ADCVD|EP_HRS_ADCVD
2023-04,2023-03,ENERGY_SUPPLY,에너지 공급,0.322222,0.100027,2,EP_JCPOA_RELIEF|EP_RU_ENERGY_BAN
2023-04,2023-03,SHIPPING_LOGISTICS,해상운송/물류,0.0,0.0,0,
2023-04,2023-03,PANDEMIC_EMERGENCY,팬데믹/비상사태,0.130625,0.130625,1,EP_COVID19
2023-04,2023-03,INDUSTRIAL_SUPPLY_DEMAND,산업 수급,0.0,0.0,0,
2023-05,2023-04,GEOPOLITICAL_CONFLICT,지정학 분쟁,0.240632,0.084221,1,EP_RU_UA_CONFLICT
2023-05,2023-04,TRADE_TARIFF_SANCTION,무역/관세/제재,0.271453,0.120646,3,EP_RUSSIA_SANCTIONS|EP_S232_STEEL|EP_S301_CHINA
2023-05,2023-04,TRADE_REMEDY_ADCVD,무역구제(반덤핑·상계관세),0.177779,0.017778,3,EP_CORE_ADCVD|EP_CRS_ADCVD|EP_HRS_ADCVD
2023-05,2023-04,ENERGY_SUPPLY,에너지 공급,0.301614,0.100024,2,EP_JCPOA_RELIEF|EP_RU_ENERGY_BAN
2023-05,2023-04,SHIPPING_LOGISTICS,해상운송/물류,0.0,0.0,0,
2023-05,2023-04,PANDEMIC_EMERGENCY,팬데믹/비상사태,0.129466,0.129466,1,EP_COVID19
2023-05,2023-04,INDUSTRIAL_SUPPLY_DEMAND,산업 수급,0.0,0.0,0,
2023-06,2023-05,GEOPOLITICAL_CONFLICT,지정학 분쟁,0.230631,0.080721,1,EP_RU_UA_CONFLICT
2023-06,2023-05,TRADE_TARIFF_SANCTION,무역/관세/제재,0.254929,0.113302,3,EP_RUSSIA_SANCTIONS|EP_S232_STEEL|EP_S301_CHINA
2023-06,2023-05,TRADE_REMEDY_ADCVD,무역구제(반덤핑·상계관세),0.177779,0.017778,3,EP_CORE_ADCVD|EP_CRS_ADCVD|EP_HRS_ADCVD
2023-06,2023-05,ENERGY_SUPPLY,에너지 공급,0.283255,0.100022,2,EP_JCPOA_RELIEF|EP_RU_ENERGY_BAN
2023-06,2023-05,SHIPPING_LOGISTICS,해상운송/물류,0.0,0.0,0,
2023-06,2023-05,PANDEMIC_EMERGENCY,팬데믹/비상사태,0.128433,0.524444,1,EP_COVID19
2023-06,2023-05,INDUSTRIAL_SUPPLY_DEMAND,산업 수급,0.0,0.0,0,
2023-07,2023-06,GEOPOLITICAL_CONFLICT,지정학 분쟁,0.222222,0.077778,1,EP_RU_UA_CONFLICT
2023-07,2023-06,TRADE_TARIFF_SANCTION,무역/관세/제재,0.240208,0.106759,3,EP_RUSSIA_SANCTIONS|EP_S232_STEEL|EP_S301_CHINA
2023-07,2023-06,TRADE_REMEDY_ADCVD,무역구제(반덤핑·상계관세),0.177779,0.017778,3,EP_CORE_ADCVD|EP_CRS_ADCVD|EP_HRS_ADCVD
2023-07,2023-06,ENERGY_SUPPLY,에너지 공급,0.266898,0.100019,2,EP_JCPOA_RELIEF|EP_RU_ENERGY_BAN
2023-07,2023-06,SHIPPING_LOGISTICS,해상운송/물류,0.0,0.0,0,
2023-07,2023-06,PANDEMIC_EMERGENCY,팬데믹/비상사태,0.0,0.0,0,
2023-07,2023-06,INDUSTRIAL_SUPPLY_DEMAND,산업 수급,0.0,0.0,0,
2023-08,2023-07,GEOPOLITICAL_CONFLICT,지정학 분쟁,0.215151,0.075303,1,EP_RU_UA_CONFLICT
2023-08,2023-07,TRADE_TARIFF_SANCTION,무역/관세/제재,0.227093,0.10093,3,EP_RUSSIA_SANCTIONS|EP_S232_STEEL|EP_S301_CHINA
2023-08,2023-07,TRADE_REMEDY_ADCVD,무역구제(반덤핑·상계관세),0.177778,0.017778,3,EP_CORE_ADCVD|EP_CRS_ADCVD|EP_HRS_ADCVD
2023-08,2023-07,ENERGY_SUPPLY,에너지 공급,0.252326,0.100017,2,EP_JCPOA_RELIEF|EP_RU_ENERGY_BAN
2023-08,2023-07,SHIPPING_LOGISTICS,해상운송/물류,0.0,0.0,0,
2023-08,2023-07,PANDEMIC_EMERGENCY,팬데믹/비상사태,0.0,0.0,0,
2023-08,2023-07,INDUSTRIAL_SUPPLY_DEMAND,산업 수급,0.0,0.0,0,
2023-09,2023-08,GEOPOLITICAL_CONFLICT,지정학 분쟁,0.209205,0.073222,1,EP_RU_UA_CONFLICT
2023-09,2023-08,TRADE_TARIFF_SANCTION,무역/관세/제재,0.215409,0.095737,3,EP_RUSSIA_SANCTIONS|EP_S232_STEEL|EP_S301_CHINA
2023-09,2023-08,TRADE_REMEDY_ADCVD,무역구제(반덤핑·상계관세),0.177778,0.017778,3,EP_CORE_ADCVD|EP_CRS_ADCVD|EP_HRS_ADCVD
2023-09,2023-08,ENERGY_SUPPLY,에너지 공급,0.239344,0.100015,2,EP_JCPOA_RELIEF|EP_RU_ENERGY_BAN
2023-09,2023-08,SHIPPING_LOGISTICS,해상운송/물류,0.0,0.0,0,
2023-09,2023-08,PANDEMIC_EMERGENCY,팬데믹/비상사태,0.0,0.0,0,
2023-09,2023-08,INDUSTRIAL_SUPPLY_DEMAND,산업 수급,0.0,0.0,0,
2023-10,2023-09,GEOPOLITICAL_CONFLICT,지정학 분쟁,0.204205,0.071472,1,EP_RU_UA_CONFLICT
2023-10,2023-09,TRADE_TARIFF_SANCTION,무역/관세/제재,0.205,0.091111,3,EP_RUSSIA_SANCTIONS|EP_S232_STEEL|EP_S301_CHINA
2023-10,2023-09,TRADE_REMEDY_ADCVD,무역구제(반덤핑·상계관세),0.177778,0.017778,3,EP_CORE_ADCVD|EP_CRS_ADCVD|EP_HRS_ADCVD
2023-10,2023-09,ENERGY_SUPPLY,에너지 공급,0.227778,0.100014,2,EP_JCPOA_RELIEF|EP_RU_ENERGY_BAN
2023-10,2023-09,SHIPPING_LOGISTICS,해상운송/물류,0.0,0.0,0,
2023-10,2023-09,PANDEMIC_EMERGENCY,팬데믹/비상사태,0.0,0.0,0,
2023-10,2023-09,INDUSTRIAL_SUPPLY_DEMAND,산업 수급,0.0,0.0,0,
2023-11,2023-10,GEOPOLITICAL_CONFLICT,지정학 분쟁,0.2,0.07,1,EP_RU_UA_CONFLICT
2023-11,2023-10,TRADE_TARIFF_SANCTION,무역/관세/제재,0.200328,0.088898,3,EP_RUSSIA_SANCTIONS|EP_S232_STEEL|EP_S301_CHINA
2023-11,2023-10,TRADE_REMEDY_ADCVD,무역구제(반덤핑·상계관세),0.177778,0.017778,3,EP_CORE_ADCVD|EP_CRS_ADCVD|EP_HRS_ADCVD
2023-11,2023-10,ENERGY_SUPPLY,에너지 공급,0.217474,0.100012,2,EP_JCPOA_RELIEF|EP_RU_ENERGY_BAN
2023-11,2023-10,SHIPPING_LOGISTICS,해상운송/물류,0.0,0.0,0,
2023-11,2023-10,PANDEMIC_EMERGENCY,팬데믹/비상사태,0.0,0.0,0,
2023-11,2023-10,INDUSTRIAL_SUPPLY_DEMAND,산업 수급,0.0,0.0,0,
2023-12,2023-11,GEOPOLITICAL_CONFLICT,지정학 분쟁,0.196464,0.068763,1,EP_RU_UA_CONFLICT
2023-12,2023-11,TRADE_TARIFF_SANCTION,무역/관세/제재,0.200276,0.088897,3,EP_RUSSIA_SANCTIONS|EP_S232_STEEL|EP_S301_CHINA
2023-12,2023-11,TRADE_REMEDY_ADCVD,무역구제(반덤핑·상계관세),0.177778,0.017778,3,EP_CORE_ADCVD|EP_CRS_ADCVD|EP_HRS_ADCVD
2023-12,2023-11,ENERGY_SUPPLY,에너지 공급,0.208294,0.100011,2,EP_JCPOA_RELIEF|EP_RU_ENERGY_BAN
2023-12,2023-11,SHIPPING_LOGISTICS,해상운송/물류,0.0,0.0,0,
2023-12,2023-11,PANDEMIC_EMERGENCY,팬데믹/비상사태,0.0,0.0,0,
2023-12,2023-11,INDUSTRIAL_SUPPLY_DEMAND,산업 수급,0.0,0.0,0,
2024-01,2023-12,GEOPOLITICAL_CONFLICT,지정학 분쟁,0.193491,0.067722,1,EP_RU_UA_CONFLICT
2024-01,2023-12,TRADE_TARIFF_SANCTION,무역/관세/제재,0.200232,0.088895,3,EP_RUSSIA_SANCTIONS|EP_S232_STEEL|EP_S301_CHINA
2024-01,2023-12,TRADE_REMEDY_ADCVD,무역구제(반덤핑·상계관세),0.177778,0.017778,3,EP_CORE_ADCVD|EP_CRS_ADCVD|EP_HRS_ADCVD
2024-01,2023-12,ENERGY_SUPPLY,에너지 공급,0.200116,0.10001,2,EP_JCPOA_RELIEF|EP_RU_ENERGY_BAN
2024-01,2023-12,SHIPPING_LOGISTICS,해상운송/물류,0.755556,0.0,1,EP_RED_SEA_DISRUPTION
2024-01,2023-12,PANDEMIC_EMERGENCY,팬데믹/비상사태,0.0,0.0,0,
2024-01,2023-12,INDUSTRIAL_SUPPLY_DEMAND,산업 수급,0.0,0.0,0,
2024-02,2024-01,GEOPOLITICAL_CONFLICT,지정학 분쟁,0.533333,0.066847,2,EP_RU_UA_CONFLICT|EP_YEMEN_HOUTHI_STRIKES
2024-02,2024-01,TRADE_TARIFF_SANCTION,무역/관세/제재,0.200195,0.088894,3,EP_RUSSIA_SANCTIONS|EP_S232_STEEL|EP_S301_CHINA
2024-02,2024-01,TRADE_REMEDY_ADCVD,무역구제(반덤핑·상계관세),0.177778,0.017778,3,EP_CORE_ADCVD|EP_CRS_ADCVD|EP_HRS_ADCVD
2024-02,2024-01,ENERGY_SUPPLY,에너지 공급,0.19283,0.100009,2,EP_JCPOA_RELIEF|EP_RU_ENERGY_BAN
2024-02,2024-01,SHIPPING_LOGISTICS,해상운송/물류,0.615272,0.0,1,EP_RED_SEA_DISRUPTION
2024-02,2024-01,PANDEMIC_EMERGENCY,팬데믹/비상사태,0.0,0.0,0,
2024-02,2024-01,INDUSTRIAL_SUPPLY_DEMAND,산업 수급,0.0,0.0,0,
2024-03,2024-02,GEOPOLITICAL_CONFLICT,지정학 분쟁,0.465449,0.066111,2,EP_RU_UA_CONFLICT|EP_YEMEN_HOUTHI_STRIKES
2024-03,2024-02,TRADE_TARIFF_SANCTION,무역/관세/제재,0.200164,0.088893,3,EP_RUSSIA_SANCTIONS|EP_S232_STEEL|EP_S301_CHINA
2024-03,2024-02,TRADE_REMEDY_ADCVD,무역구제(반덤핑·상계관세),0.177778,0.017778,3,EP_CORE_ADCVD|EP_CRS_ADCVD|EP_HRS_ADCVD
2024-03,2024-02,ENERGY_SUPPLY,에너지 공급,0.186338,0.100008,2,EP_JCPOA_RELIEF|EP_RU_ENERGY_BAN
2024-03,2024-02,SHIPPING_LOGISTICS,해상운송/물류,0.503929,0.0,1,EP_RED_SEA_DISRUPTION
2024-03,2024-02,PANDEMIC_EMERGENCY,팬데믹/비상사태,0.0,0.0,0,
2024-03,2024-02,INDUSTRIAL_SUPPLY_DEMAND,산업 수급,0.0,0.0,0,
2024-04,2024-03,GEOPOLITICAL_CONFLICT,지정학 분쟁,0.805556,0.281944,2,EP_RU_UA_CONFLICT|EP_YEMEN_HOUTHI_STRIKES
2024-04,2024-03,TRADE_TARIFF_SANCTION,무역/관세/제재,0.200138,0.088893,3,EP_RUSSIA_SANCTIONS|EP_S232_STEEL|EP_S301_CHINA
2024-04,2024-03,TRADE_REMEDY_ADCVD,무역구제(반덤핑·상계관세),0.177778,0.017778,3,EP_CORE_ADCVD|EP_CRS_ADCVD|EP_HRS_ADCVD
2024-04,2024-03,ENERGY_SUPPLY,에너지 공급,0.180556,0.100007,2,EP_JCPOA_RELIEF|EP_RU_ENERGY_BAN
2024-04,2024-03,SHIPPING_LOGISTICS,해상운송/물류,0.444444,0.111111,2,EP_BALTIMORE_PORT_2024|EP_RED_SEA_DISRUPTION
2024-04,2024-03,PANDEMIC_EMERGENCY,팬데믹/비상사태,0.0,0.0,0,
2024-04,2024-03,INDUSTRIAL_SUPPLY_DEMAND,산업 수급,0.0,0.0,0,
2024-05,2024-04,GEOPOLITICAL_CONFLICT,지정학 분쟁,0.690205,0.241572,2,EP_RU_UA_CONFLICT|EP_YEMEN_HOUTHI_STRIKES
2024-05,2024-04,TRADE_TARIFF_SANCTION,무역/관세/제재,0.8,0.355556,3,EP_RUSSIA_SANCTIONS|EP_S232_STEEL|EP_S301_CHINA
2024-05,2024-04,TRADE_REMEDY_ADCVD,무역구제(반덤핑·상계관세),0.177778,0.017778,3,EP_CORE_ADCVD|EP_CRS_ADCVD|EP_HRS_ADCVD
2024-05,2024-04,ENERGY_SUPPLY,에너지 공급,0.175404,0.100006,2,EP_JCPOA_RELIEF|EP_RU_ENERGY_BAN
2024-05,2024-04,SHIPPING_LOGISTICS,해상운송/물류,0.403228,0.100807,2,EP_BALTIMORE_PORT_2024|EP_RED_SEA_DISRUPTION
2024-05,2024-04,PANDEMIC_EMERGENCY,팬데믹/비상사태,0.0,0.0,0,
2024-05,2024-04,INDUSTRIAL_SUPPLY_DEMAND,산업 수급,0.0,0.0,0,
2024-06,2024-05,GEOPOLITICAL_CONFLICT,지정학 분쟁,0.593208,0.207623,2,EP_RU_UA_CONFLICT|EP_YEMEN_HOUTHI_STRIKES
2024-06,2024-05,TRADE_TARIFF_SANCTION,무역/관세/제재,0.698174,0.444444,3,EP_RUSSIA_SANCTIONS|EP_S232_STEEL|EP_S301_CHINA
2024-06,2024-05,TRADE_REMEDY_ADCVD,무역구제(반덤핑·상계관세),0.177778,0.017778,3,EP_CORE_ADCVD|EP_CRS_ADCVD|EP_HRS_ADCVD
2024-06,2024-05,ENERGY_SUPPLY,에너지 공급,0.170814,0.100005,2,EP_JCPOA_RELIEF|EP_RU_ENERGY_BAN
2024-06,2024-05,SHIPPING_LOGISTICS,해상운송/물류,0.366509,0.091627,2,EP_BALTIMORE_PORT_2024|EP_RED_SEA_DISRUPTION
2024-06,2024-05,PANDEMIC_EMERGENCY,팬데믹/비상사태,0.0,0.0,0,
2024-06,2024-05,INDUSTRIAL_SUPPLY_DEMAND,산업 수급,0.0,0.0,0,
2024-07,2024-06,GEOPOLITICAL_CONFLICT,지정학 분쟁,0.511643,0.179075,2,EP_RU_UA_CONFLICT|EP_YEMEN_HOUTHI_STRIKES
2024-07,2024-06,TRADE_TARIFF_SANCTION,무역/관세/제재,0.612548,0.387874,3,EP_RUSSIA_SANCTIONS|EP_S232_STEEL|EP_S301_CHINA
2024-07,2024-06,TRADE_REMEDY_ADCVD,무역구제(반덤핑·상계관세),0.177778,0.017778,3,EP_CORE_ADCVD|EP_CRS_ADCVD|EP_HRS_ADCVD
2024-07,2024-06,ENERGY_SUPPLY,에너지 공급,0.166724,0.100005,2,EP_JCPOA_RELIEF|EP_RU_ENERGY_BAN
2024-07,2024-06,SHIPPING_LOGISTICS,해상운송/물류,0.333796,0.083449,2,EP_BALTIMORE_PORT_2024|EP_RED_SEA_DISRUPTION
2024-07,2024-06,PANDEMIC_EMERGENCY,팬데믹/비상사태,0.0,0.0,0,
2024-07,2024-06,INDUSTRIAL_SUPPLY_DEMAND,산업 수급,0.0,0.0,0,
2024-08,2024-07,GEOPOLITICAL_CONFLICT,지정학 분쟁,0.443056,0.155069,2,EP_RU_UA_CONFLICT|EP_YEMEN_HOUTHI_STRIKES
2024-08,2024-07,TRADE_TARIFF_SANCTION,무역/관세/제재,0.540546,0.340305,3,EP_RUSSIA_SANCTIONS|EP_S232_STEEL|EP_S301_CHINA
2024-08,2024-07,TRADE_REMEDY_ADCVD,무역구제(반덤핑·상계관세),0.177778,0.017778,3,EP_CORE_ADCVD|EP_CRS_ADCVD|EP_HRS_ADCVD
2024-08,2024-07,ENERGY_SUPPLY,에너지 공급,0.163081,0.100004,2,EP_JCPOA_RELIEF|EP_RU_ENERGY_BAN
2024-08,2024-07,SHIPPING_LOGISTICS,해상운송/물류,0.210485,0.0,1,EP_RED_SEA_DISRUPTION
2024-08,2024-07,PANDEMIC_EMERGENCY,팬데믹/비상사태,0.0,0.0,0,
2024-08,2024-07,INDUSTRIAL_SUPPLY_DEMAND,산업 수급,0.0,0.0,0,
2024-09,2024-08,GEOPOLITICAL_CONFLICT,지정학 분쟁,0.385381,0.134883,2,EP_RU_UA_CONFLICT|EP_YEMEN_HOUTHI_STRIKES
2024-09,2024-08,TRADE_TARIFF_SANCTION,무역/관세/제재,0.48,0.300303,3,EP_RUSSIA_SANCTIONS|EP_S232_STEEL|EP_S301_CHINA
2024-09,2024-08,TRADE_REMEDY_ADCVD,무역구제(반덤핑·상계관세),0.177778,0.017778,3,EP_CORE_ADCVD|EP_CRS_ADCVD|EP_HRS_ADCVD
2024-09,2024-08,ENERGY_SUPPLY,에너지 공급,0.159836,0.100004,2,EP_JCPOA_RELIEF|EP_RU_ENERGY_BAN
2024-09,2024-08,SHIPPING_LOGISTICS,해상운송/물류,0.182649,0.0,1,EP_RED_SEA_DISRUPTION
2024-09,2024-08,PANDEMIC_EMERGENCY,팬데믹/비상사태,0.0,0.0,0,
2024-09,2024-08,INDUSTRIAL_SUPPLY_DEMAND,산업 수급,0.0,0.0,0,
2024-10,2024-09,GEOPOLITICAL_CONFLICT,지정학 분쟁,0.336882,0.117909,2,EP_RU_UA_CONFLICT|EP_YEMEN_HOUTHI_STRIKES
2024-10,2024-09,TRADE_TARIFF_SANCTION,무역/관세/제재,0.622222,0.444444,3,EP_RUSSIA_SANCTIONS|EP_S232_STEEL|EP_S301_CHINA
2024-10,2024-09,TRADE_REMEDY_ADCVD,무역구제(반덤핑·상계관세),0.177778,0.017778,3,EP_CORE_ADCVD|EP_CRS_ADCVD|EP_HRS_ADCVD
2024-10,2024-09,ENERGY_SUPPLY,에너지 공급,0.156944,0.100003,2,EP_JCPOA_RELIEF|EP_RU_ENERGY_BAN
2024-10,2024-09,SHIPPING_LOGISTICS,해상운송/물류,0.160556,0.0,1,EP_RED_SEA_DISRUPTION
2024-10,2024-09,PANDEMIC_EMERGENCY,팬데믹/비상사태,0.0,0.0,0,
2024-10,2024-09,INDUSTRIAL_SUPPLY_DEMAND,산업 수급,0.0,0.0,0,
2024-11,2024-10,GEOPOLITICAL_CONFLICT,지정학 분쟁,0.296099,0.103635,2,EP_RU_UA_CONFLICT|EP_YEMEN_HOUTHI_STRIKES
2024-11,2024-10,TRADE_TARIFF_SANCTION,무역/관세/제재,0.56452,0.403228,3,EP_RUSSIA_SANCTIONS|EP_S232_STEEL|EP_S301_CHINA
2024-11,2024-10,TRADE_REMEDY_ADCVD,무역구제(반덤핑·상계관세),0.177778,0.017778,3,EP_CORE_ADCVD|EP_CRS_ADCVD|EP_HRS_ADCVD
2024-11,2024-10,ENERGY_SUPPLY,에너지 공급,0.154368,0.100003,2,EP_JCPOA_RELIEF|EP_RU_ENERGY_BAN
2024-11,2024-10,SHIPPING_LOGISTICS,해상운송/물류,0.14302,0.0,1,EP_RED_SEA_DISRUPTION
2024-11,2024-10,PANDEMIC_EMERGENCY,팬데믹/비상사태,0.0,0.0,0,
2024-11,2024-10,INDUSTRIAL_SUPPLY_DEMAND,산업 수급,0.0,0.0,0,
2024-12,2024-11,GEOPOLITICAL_CONFLICT,지정학 분쟁,0.261806,0.091632,2,EP_RU_UA_CONFLICT|EP_YEMEN_HOUTHI_STRIKES
2024-12,2024-11,TRADE_TARIFF_SANCTION,무역/관세/제재,0.513113,0.366509,3,EP_RUSSIA_SANCTIONS|EP_S232_STEEL|EP_S301_CHINA
2024-12,2024-11,TRADE_REMEDY_ADCVD,무역구제(반덤핑·상계관세),0.177778,0.017778,3,EP_CORE_ADCVD|EP_CRS_ADCVD|EP_HRS_ADCVD
2024-12,2024-11,ENERGY_SUPPLY,에너지 공급,0.152073,0.100003,2,EP_JCPOA_RELIEF|EP_RU_ENERGY_BAN
2024-12,2024-11,SHIPPING_LOGISTICS,해상운송/물류,0.129102,0.0,1,EP_RED_SEA_DISRUPTION
2024-12,2024-11,PANDEMIC_EMERGENCY,팬데믹/비상사태,0.0,0.0,0,
2024-12,2024-11,INDUSTRIAL_SUPPLY_DEMAND,산업 수급,0.0,0.0,0,
2025-01,2024-12,GEOPOLITICAL_CONFLICT,지정학 분쟁,0.232968,0.081539,2,EP_RU_UA_CONFLICT|EP_YEMEN_HOUTHI_STRIKES
2025-01,2024-12,TRADE_TARIFF_SANCTION,무역/관세/제재,0.467314,0.333796,3,EP_RUSSIA_SANCTIONS|EP_S232_STEEL|EP_S301_CHINA
2025-01,2024-12,TRADE_REMEDY_ADCVD,무역구제(반덤핑·상계관세),0.177778,0.017778,3,EP_CORE_ADCVD|EP_CRS_ADCVD|EP_HRS_ADCVD
2025-01,2024-12,ENERGY_SUPPLY,에너지 공급,0.150029,0.100002,2,EP_JCPOA_RELIEF|EP_RU_ENERGY_BAN
2025-01,2024-12,SHIPPING_LOGISTICS,해상운송/물류,0.0,0.0,0,
2025-01,2024-12,PANDEMIC_EMERGENCY,팬데믹/비상사태,0.0,0.0,0,
2025-01,2024-12,INDUSTRIAL_SUPPLY_DEMAND,산업 수급,0.0,0.0,0,
2025-02,2025-01,GEOPOLITICAL_CONFLICT,지정학 분쟁,0.208719,0.073052,2,EP_RU_UA_CONFLICT|EP_YEMEN_HOUTHI_STRIKES
2025-02,2025-01,TRADE_TARIFF_SANCTION,무역/관세/제재,0.426512,0.304652,3,EP_RUSSIA_SANCTIONS|EP_S232_STEEL|EP_S301_CHINA
2025-02,2025-01,TRADE_REMEDY_ADCVD,무역구제(반덤핑·상계관세),0.177778,0.017778,3,EP_CORE_ADCVD|EP_CRS_ADCVD|EP_HRS_ADCVD
2025-02,2025-01,ENERGY_SUPPLY,에너지 공급,0.148207,0.100002,2,EP_JCPOA_RELIEF|EP_RU_ENERGY_BAN
2025-02,2025-01,SHIPPING_LOGISTICS,해상운송/물류,0.0,0.0,0,
2025-02,2025-01,PANDEMIC_EMERGENCY,팬데믹/비상사태,0.0,0.0,0,
2025-02,2025-01,INDUSTRIAL_SUPPLY_DEMAND,산업 수급,0.0,0.0,0,
2025-03,2025-02,GEOPOLITICAL_CONFLICT,지정학 분쟁,0.188327,0.065915,2,EP_RU_UA_CONFLICT|EP_YEMEN_HOUTHI_STRIKES
2025-03,2025-02,TRADE_TARIFF_SANCTION,무역/관세/제재,1.0,0.453333,4,EP_IEEPA_TARIFFS_2025|EP_RUSSIA_SANCTIONS|EP_S232_STEEL|EP_S301_CHINA
2025-03,2025-02,TRADE_REMEDY_ADCVD,무역구제(반덤핑·상계관세),0.177778,0.017778,3,EP_CORE_ADCVD|EP_CRS_ADCVD|EP_HRS_ADCVD
2025-03,2025-02,ENERGY_SUPPLY,에너지 공급,0.146585,0.100002,2,EP_JCPOA_RELIEF|EP_RU_ENERGY_BAN
2025-03,2025-02,SHIPPING_LOGISTICS,해상운송/물류,0.0,0.0,0,
2025-03,2025-02,PANDEMIC_EMERGENCY,팬데믹/비상사태,0.0,0.0,0,
2025-03,2025-02,INDUSTRIAL_SUPPLY_DEMAND,산업 수급,0.0,0.0,0,
2025-04,2025-03,GEOPOLITICAL_CONFLICT,지정학 분쟁,0.178946,0.062631,2,EP_RU_UA_CONFLICT|EP_YEMEN_HOUTHI_STRIKES
2025-04,2025-03,TRADE_TARIFF_SANCTION,무역/관세/제재,0.872717,0.369163,4,EP_IEEPA_TARIFFS_2025|EP_RUSSIA_SANCTIONS|EP_S232_STEEL|EP_S301_CHINA
2025-04,2025-03,TRADE_REMEDY_ADCVD,무역구제(반덤핑·상계관세),0.177778,0.017778,3,EP_CORE_ADCVD|EP_CRS_ADCVD|EP_HRS_ADCVD
2025-04,2025-03,ENERGY_SUPPLY,에너지 공급,0.145139,0.100002,2,EP_JCPOA_RELIEF|EP_RU_ENERGY_BAN
2025-04,2025-03,SHIPPING_LOGISTICS,해상운송/물류,0.0,0.0,0,
2025-04,2025-03,PANDEMIC_EMERGENCY,팬데믹/비상사태,0.0,0.0,0,
2025-04,2025-03,INDUSTRIAL_SUPPLY_DEMAND,산업 수급,0.0,0.0,0,
2025-05,2025-04,GEOPOLITICAL_CONFLICT,지정학 분쟁,0.17876,0.062566,2,EP_RU_UA_CONFLICT|EP_YEMEN_HOUTHI_STRIKES
2025-05,2025-04,TRADE_TARIFF_SANCTION,무역/관세/제재,0.765685,0.533333,4,EP_IEEPA_TARIFFS_2025|EP_RUSSIA_SANCTIONS|EP_S232_STEEL|EP_S301_CHINA
2025-05,2025-04,TRADE_REMEDY_ADCVD,무역구제(반덤핑·상계관세),0.177778,0.017778,3,EP_CORE_ADCVD|EP_CRS_ADCVD|EP_HRS_ADCVD
2025-05,2025-04,ENERGY_SUPPLY,에너지 공급,0.143851,0.100002,2,EP_JCPOA_RELIEF|EP_RU_ENERGY_BAN
2025-05,2025-04,SHIPPING_LOGISTICS,해상운송/물류,0.0,0.0,0,
2025-05,2025-04,PANDEMIC_EMERGENCY,팬데믹/비상사태,0.0,0.0,0,
2025-05,2025-04,INDUSTRIAL_SUPPLY_DEMAND,산업 수급,0.0,0.0,0,
2025-06,2025-05,GEOPOLITICAL_CONFLICT,지정학 분쟁,0.178604,0.062511,2,EP_RU_UA_CONFLICT|EP_YEMEN_HOUTHI_STRIKES
2025-06,2025-05,TRADE_TARIFF_SANCTION,무역/관세/제재,1.0,0.465449,4,EP_IEEPA_TARIFFS_2025|EP_RUSSIA_SANCTIONS|EP_S232_STEEL|EP_S301_CHINA
2025-06,2025-05,TRADE_REMEDY_ADCVD,무역구제(반덤핑·상계관세),0.177778,0.017778,3,EP_CORE_ADCVD|EP_CRS_ADCVD|EP_HRS_ADCVD
2025-06,2025-05,ENERGY_SUPPLY,에너지 공급,0.142703,0.100001,2,EP_JCPOA_RELIEF|EP_RU_ENERGY_BAN
2025-06,2025-05,SHIPPING_LOGISTICS,해상운송/물류,0.0,0.0,0,
2025-06,2025-05,PANDEMIC_EMERGENCY,팬데믹/비상사태,0.0,0.0,0,
2025-06,2025-05,INDUSTRIAL_SUPPLY_DEMAND,산업 수급,0.0,0.0,0,
2025-07,2025-06,GEOPOLITICAL_CONFLICT,지정학 분쟁,0.622222,0.062465,3,EP_IRAN_STRIKE_2025|EP_RU_UA_CONFLICT|EP_YEMEN_HOUTHI_STRIKES
2025-07,2025-06,TRADE_TARIFF_SANCTION,무역/관세/제재,1.0,0.408366,4,EP_IEEPA_TARIFFS_2025|EP_RUSSIA_SANCTIONS|EP_S232_STEEL|EP_S301_CHINA
2025-07,2025-06,TRADE_REMEDY_ADCVD,무역구제(반덤핑·상계관세),0.177778,0.017778,3,EP_CORE_ADCVD|EP_CRS_ADCVD|EP_HRS_ADCVD
2025-07,2025-06,ENERGY_SUPPLY,에너지 공급,0.141681,0.100001,2,EP_JCPOA_RELIEF|EP_RU_ENERGY_BAN
2025-07,2025-06,SHIPPING_LOGISTICS,해상운송/물류,0.0,0.0,0,
2025-07,2025-06,PANDEMIC_EMERGENCY,팬데믹/비상사태,0.0,0.0,0,
2025-07,2025-06,INDUSTRIAL_SUPPLY_DEMAND,산업 수급,0.0,0.0,0,
2025-08,2025-07,GEOPOLITICAL_CONFLICT,지정학 분쟁,0.543024,0.062427,3,EP_IRAN_STRIKE_2025|EP_RU_UA_CONFLICT|EP_YEMEN_HOUTHI_STRIKES
2025-08,2025-07,TRADE_TARIFF_SANCTION,무역/관세/제재,0.872717,0.360364,4,EP_IEEPA_TARIFFS_2025|EP_RUSSIA_SANCTIONS|EP_S232_STEEL|EP_S301_CHINA
2025-08,2025-07,TRADE_REMEDY_ADCVD,무역구제(반덤핑·상계관세),0.177778,0.017778,3,EP_CORE_ADCVD|EP_CRS_ADCVD|EP_HRS_ADCVD
2025-08,2025-07,ENERGY_SUPPLY,에너지 공급,0.14077,0.100001,2,EP_JCPOA_RELIEF|EP_RU_ENERGY_BAN
2025-08,2025-07,SHIPPING_LOGISTICS,해상운송/물류,0.0,0.0,0,
2025-08,2025-07,PANDEMIC_EMERGENCY,팬데믹/비상사태,0.0,0.0,0,
2025-08,2025-07,INDUSTRIAL_SUPPLY_DEMAND,산업 수급,0.0,0.0,0,
2025-09,2025-08,GEOPOLITICAL_CONFLICT,지정학 분쟁,0.476426,0.062394,3,EP_IRAN_STRIKE_2025|EP_RU_UA_CONFLICT|EP_YEMEN_HOUTHI_STRIKES
2025-09,2025-08,TRADE_TARIFF_SANCTION,무역/관세/제재,0.765685,0.32,4,EP_IEEPA_TARIFFS_2025|EP_RUSSIA_SANCTIONS|EP_S232_STEEL|EP_S301_CHINA
2025-09,2025-08,TRADE_REMEDY_ADCVD,무역구제(반덤핑·상계관세),0.177778,0.017778,3,EP_CORE_ADCVD|EP_CRS_ADCVD|EP_HRS_ADCVD
2025-09,2025-08,ENERGY_SUPPLY,에너지 공급,0.139959,0.100001,2,EP_JCPOA_RELIEF|EP_RU_ENERGY_BAN
2025-09,2025-08,SHIPPING_LOGISTICS,해상운송/물류,0.0,0.0,0,
2025-09,2025-08,PANDEMIC_EMERGENCY,팬데믹/비상사태,0.0,0.0,0,
2025-09,2025-08,INDUSTRIAL_SUPPLY_DEMAND,산업 수급,0.0,0.0,0,
2025-10,2025-09,GEOPOLITICAL_CONFLICT,지정학 분쟁,0.420425,0.062367,3,EP_IRAN_STRIKE_2025|EP_RU_UA_CONFLICT|EP_YEMEN_HOUTHI_STRIKES
2025-10,2025-09,TRADE_TARIFF_SANCTION,무역/관세/제재,0.675683,0.286058,4,EP_IEEPA_TARIFFS_2025|EP_RUSSIA_SANCTIONS|EP_S232_STEEL|EP_S301_CHINA
2025-10,2025-09,TRADE_REMEDY_ADCVD,무역구제(반덤핑·상계관세),0.177778,0.017778,3,EP_CORE_ADCVD|EP_CRS_ADCVD|EP_HRS_ADCVD
2025-10,2025-09,ENERGY_SUPPLY,에너지 공급,0.139236,0.100001,2,EP_JCPOA_RELIEF|EP_RU_ENERGY_BAN
2025-10,2025-09,SHIPPING_LOGISTICS,해상운송/물류,0.0,0.0,0,
2025-10,2025-09,PANDEMIC_EMERGENCY,팬데믹/비상사태,0.0,0.0,0,
2025-10,2025-09,INDUSTRIAL_SUPPLY_DEMAND,산업 수급,0.0,0.0,0,
2025-11,2025-10,GEOPOLITICAL_CONFLICT,지정학 분쟁,0.373333,0.062344,3,EP_IRAN_STRIKE_2025|EP_RU_UA_CONFLICT|EP_YEMEN_HOUTHI_STRIKES
2025-11,2025-10,TRADE_TARIFF_SANCTION,무역/관세/제재,0.6,0.257516,4,EP_IEEPA_TARIFFS_2025|EP_RUSSIA_SANCTIONS|EP_S232_STEEL|EP_S301_CHINA
2025-11,2025-10,TRADE_REMEDY_ADCVD,무역구제(반덤핑·상계관세),0.177778,0.017778,3,EP_CORE_ADCVD|EP_CRS_ADCVD|EP_HRS_ADCVD
2025-11,2025-10,ENERGY_SUPPLY,에너지 공급,0.138592,0.100001,2,EP_JCPOA_RELIEF|EP_RU_ENERGY_BAN
2025-11,2025-10,SHIPPING_LOGISTICS,해상운송/물류,0.0,0.0,0,
2025-11,2025-10,PANDEMIC_EMERGENCY,팬데믹/비상사태,0.0,0.0,0,
2025-11,2025-10,INDUSTRIAL_SUPPLY_DEMAND,산업 수급,0.0,0.0,0,
2025-12,2025-11,GEOPOLITICAL_CONFLICT,지정학 분쟁,0.333734,0.062324,3,EP_IRAN_STRIKE_2025|EP_RU_UA_CONFLICT|EP_YEMEN_HOUTHI_STRIKES
2025-12,2025-11,TRADE_TARIFF_SANCTION,무역/관세/제재,0.536359,0.233515,4,EP_IEEPA_TARIFFS_2025|EP_RUSSIA_SANCTIONS|EP_S232_STEEL|EP_S301_CHINA
2025-12,2025-11,TRADE_REMEDY_ADCVD,무역구제(반덤핑·상계관세),0.177778,0.017778,3,EP_CORE_ADCVD|EP_CRS_ADCVD|EP_HRS_ADCVD
2025-12,2025-11,ENERGY_SUPPLY,에너지 공급,0.138018,0.100001,2,EP_JCPOA_RELIEF|EP_RU_ENERGY_BAN
2025-12,2025-11,SHIPPING_LOGISTICS,해상운송/물류,0.0,0.0,0,
2025-12,2025-11,PANDEMIC_EMERGENCY,팬데믹/비상사태,0.0,0.0,0,
2025-12,2025-11,INDUSTRIAL_SUPPLY_DEMAND,산업 수급,0.0,0.0,0,
2026-01,2025-12,GEOPOLITICAL_CONFLICT,지정학 분쟁,0.300435,0.062308,3,EP_IRAN_STRIKE_2025|EP_RU_UA_CONFLICT|EP_YEMEN_HOUTHI_STRIKES
2026-01,2025-12,TRADE_TARIFF_SANCTION,무역/관세/제재,0.482843,0.213333,4,EP_IEEPA_TARIFFS_2025|EP_RUSSIA_SANCTIONS|EP_S232_STEEL|EP_S301_CHINA
2026-01,2025-12,TRADE_REMEDY_ADCVD,무역구제(반덤핑·상계관세),0.177778,0.017778,3,EP_CORE_ADCVD|EP_CRS_ADCVD|EP_HRS_ADCVD
2026-01,2025-12,ENERGY_SUPPLY,에너지 공급,0.137507,0.100001,2,EP_JCPOA_RELIEF|EP_RU_ENERGY_BAN
2026-01,2025-12,SHIPPING_LOGISTICS,해상운송/물류,0.0,0.0,0,
2026-01,2025-12,PANDEMIC_EMERGENCY,팬데믹/비상사태,0.0,0.0,0,
2026-01,2025-12,INDUSTRIAL_SUPPLY_DEMAND,산업 수급,0.0,0.0,0,
2026-02,2026-01,GEOPOLITICAL_CONFLICT,지정학 분쟁,0.272435,0.062294,3,EP_IRAN_STRIKE_2025|EP_RU_UA_CONFLICT|EP_YEMEN_HOUTHI_STRIKES
2026-02,2026-01,TRADE_TARIFF_SANCTION,무역/관세/제재,0.437841,0.196362,4,EP_IEEPA_TARIFFS_2025|EP_RUSSIA_SANCTIONS|EP_S232_STEEL|EP_S301_CHINA
2026-02,2026-01,TRADE_REMEDY_ADCVD,무역구제(반덤핑·상계관세),0.177778,0.017778,3,EP_CORE_ADCVD|EP_CRS_ADCVD|EP_HRS_ADCVD
2026-02,2026-01,ENERGY_SUPPLY,에너지 공급,0.137052,0.100001,2,EP_JCPOA_RELIEF|EP_RU_ENERGY_BAN
2026-02,2026-01,SHIPPING_LOGISTICS,해상운송/물류,0.0,0.0,0,
2026-02,2026-01,PANDEMIC_EMERGENCY,팬데믹/비상사태,0.0,0.0,0,
2026-02,2026-01,INDUSTRIAL_SUPPLY_DEMAND,산업 수급,0.0,0.0,0,
2026-03,2026-02,GEOPOLITICAL_CONFLICT,지정학 분쟁,0.248889,0.062283,3,EP_IRAN_STRIKE_2025|EP_RU_UA_CONFLICT|EP_YEMEN_HOUTHI_STRIKES
2026-03,2026-02,TRADE_TARIFF_SANCTION,무역/관세/제재,0.4,0.182091,4,EP_IEEPA_TARIFFS_2025|EP_RUSSIA_SANCTIONS|EP_S232_STEEL|EP_S301_CHINA
2026-03,2026-02,TRADE_REMEDY_ADCVD,무역구제(반덤핑·상계관세),0.177778,0.017778,3,EP_CORE_ADCVD|EP_CRS_ADCVD|EP_HRS_ADCVD
2026-03,2026-02,ENERGY_SUPPLY,에너지 공급,0.136646,0.1,2,EP_JCPOA_RELIEF|EP_RU_ENERGY_BAN
2026-03,2026-02,SHIPPING_LOGISTICS,해상운송/물류,0.0,0.0,0,
2026-03,2026-02,PANDEMIC_EMERGENCY,팬데믹/비상사태,0.0,0.0,0,
2026-03,2026-02,INDUSTRIAL_SUPPLY_DEMAND,산업 수급,0.0,0.0,0,
