event_id,event_name,known_at_date,event_date,category,stage,economic_channel,pep_contribution,nep_contribution,official_source_name,official_source_url,short_summary
RU_ENERGY_IMPORT_BAN_2022_03,"미국, 러시아산 원유·석유제품·LNG·석탄 수입 금지 (EO 14066)",2022-03-08,2022-03-08,sanctions_energy,IMPLEMENTED,에너지·운송 비용 상승 -> 스크랩 수집/가공/운송 원가와 전기로 조업원가 상승 압력.,2,0,U.S. Federal Register (Executive Order 14066),https://www.federalregister.gov/documents/2022/03/10/2022-05232/prohibiting-certain-imports-and-new-investments-with-respect-to-continued-russian-federation-efforts,러시아산 원유·석유제품·LNG·석탄의 미국 수입을 금지한 행정명령. 우크라이나 전쟁에 따른 미국의 공식 에너지 제재 조치다.
RU_TRADE_INVESTMENT_RESTRICTION_2022_03,"미국, 대러 수입·수출·신규투자 추가 제한 (EO 14068)",2022-03-11,2022-03-11,sanctions_trade,IMPLEMENTED,산업용 원자재 교역 경로 축소 -> 글로벌 공급 재편과 조달 불확실성 상승.,2,1,U.S. Federal Register (Executive Order 14068),https://www.federalregister.gov/documents/2022/03/15/2022-05554/prohibiting-certain-imports-exports-and-new-investment-with-respect-to-continued-russian-federation,러시아 관련 특정 품목의 수입·수출과 신규 투자를 추가로 금지한 행정명령. 교역 축소는 공급 제약(상승)과 수요 위축(하락) 양쪽 채널을 동시에 갖는다.
COVID_PHE_END_2023_05,미국 COVID-19 공중보건 비상사태(PHE) 공식 종료,2023-05-11,2023-05-11,official_emergency_end,ENDED,비상 대응 종료에 따른 물류·산업활동 정상화 -> 팬데믹기 공급망 프리미엄 완화.,0,2,"U.S. CDC (MMWR, 공식 보고)",https://www.cdc.gov/mmwr/volumes/72/wr/mm7219e1.htm,연방 COVID-19 공중보건 비상사태 선언이 2023-05-11 자로 만료됐다. 팬데믹기 비상 조치와 관련 데이터 권한이 함께 종료됐다.
RED_SEA_OPG_2023_12,홍해 해상운송 보호 다국적 작전(Operation Prosperity Guardian) 발표,2023-12-18,2023-12-18,shipping_route_disruption,ANNOUNCED,홍해·수에즈 항로 위험 상승 -> 운임·보험료 상승과 우회 항로로 인한 리드타임 증가.,2,0,U.S. Department of Defense,https://www.defense.gov/News/News-Stories/Article/Article/3624836/,홍해 상선 공격에 대응해 20개국 이상이 참여하는 다국적 해상 보호 작전이 공식 발표됐다.
YEMEN_STRIKES_2024_01,"미국·연합군, 예멘 후티 군사목표 타격 (홍해 사태 확대)",2024-01-12,2024-01-12,conflict_escalation,ESCALATED,항로 리스크 프리미엄 추가 상승 -> 해상운임과 원자재 조달 비용 상승 압력.,2,0,U.S. Department of Defense,https://www.defense.gov/News/News-Stories/Article/Article/3644027/,미국과 연합국이 예멘 내 후티 군사표적을 타격했다고 공식 발표했다. 홍해 항로 사태가 군사적으로 확대된 국면이다.
RU_METALS_IMPORT_PROHIBITION_2024_04,"미국·영국, 러시아산 알루미늄·구리·니켈 수입 및 거래소 반입 금지",2024-04-12,2024-04-13,commodity_supply_restriction,IMPLEMENTED,주요 산업금속의 글로벌 공급·거래소 유통 제약 -> 금속 전반의 가격·조달 압력 상승.,3,0,U.S. Department of the Treasury,https://home.treasury.gov/news/press-releases/jy2249,미국과 영국이 러시아산 알루미늄·구리·니켈의 수입과 주요 금속거래소 반입을 금지했다. 2024-04-13 이후 생산분에 적용된다.
S232_STEEL_TARIFF_25PCT_2025_02,Section 232 철강 관세 25% 부과 (Proclamation 10896),2025-02-10,2025-02-10,tariff_announcement,ANNOUNCED,수입 강재 가격 상승 -> 국내 밀 가동률과 국내 스크랩 수요 상승 압력. 동시에 수입 물량 축소와 전방 수요 위축이라는 하락 채널도 함께 존재한다.,3,1,U.S. Federal Register (Proclamation 10896),https://www.federalregister.gov/documents/2025/02/18/2025-02833/adjusting-imports-of-steel-into-the-united-states,철강 및 일부 파생 철강제품 수입에 25% 종가세를 부과하는 대통령 포고.
S232_INCLUSIONS_PROCESS_2025_05,Section 232 철강·알루미늄 파생품목 확대 절차 시행,2025-05-02,2025-05-02,trade_restriction_expansion,IMPLEMENTED,관세 적용 품목 범위 확대 -> 국내 생산 대체 수요 확대와 조달 비용 상승 압력.,2,1,U.S. Federal Register (Bureau of Industry and Security),https://www.federalregister.gov/documents/2025/05/02/2025-07676/adoption-and-procedures-of-the-section-232-steel-and-aluminum-tariff-inclusions-process,Section 232 관세 대상 파생 품목을 추가하는 공식 절차가 채택·시행됐다.
S232_STEEL_TARIFF_50PCT_2025_06,Section 232 철강·알루미늄 관세 50%로 인상 (Proclamation 10947),2025-06-03,2025-06-04,tariff_increase,IMPLEMENTED,수입 강재 가격 추가 상승 -> 국내 밀 마진과 스크랩 수요 상승 압력 강화. 수입 축소에 따른 전방 수요 둔화라는 반대 채널도 동시에 존재한다.,3,1,U.S. Federal Register (Proclamation 10947),https://www.federalregister.gov/documents/2025/06/09/2025-10524/adjusting-imports-of-aluminum-and-steel-into-the-united-states,철강·알루미늄 Section 232 관세율을 25%에서 50%로 인상했다. 2025-06-04 발효다.
